,BSSH_NM,ADDR,HG_ASGN_LV
0,찬합,대전광역시 서구 대덕대로 211(갤러리아타임월드백화점 지하2층 일부 둔산동),매우우수
1,대전역4층 면앤면추억의가락국수,대전광역시 동구 중앙로 215(4층 정동),좋음
2,홈플러스(주) 동대전점,"대전광역시 동구 한밭대로 1282(용전동,홈플러스 지하1층)",우수
3,비에치씨(BHC)십정점,인천광역시 부평구 배곶북로 12(1층 일부호 십정동),매우우수
4,비에이치씨,인천광역시 부평구 장제로189번길 4(1층 일부호 부평동),매우우수
5,비에이치씨(BHC) 풍납 올림픽공원점,"서울특별시 송파구 올림픽로47길 11(1층 101호 풍납동, 율곡빌라)",매우우수
6,교촌치킨수원역점,경기도 수원시 팔달구 갓매산로 58(장영빌딩 1층 고등동),매우우수
7,정직유부 다대포점,부산광역시 사하구 다대로 702-2(A동 2층 216호 다대동),매우우수
8,GS25순천매곡점,"전라남도 순천시 북정3길 28(1층 매곡동, 매곡아파트)",우수
9,파파존스 인천삼산점,"인천광역시 부평구 장제로 220(부평동, 1층)",매우우수
10,아수라떡볶이 수원교동점,경기도 수원시 팔달구 향교로 144(파인펠리체 오피스텔 1층 102호 교동),매우우수
11,배스킨라빈스 잠실새내중앙점,서울특별시 송파구 백제고분로7길 29(우림빌딩 1층 1호 잠실동),매우우수
12,배스킨라빈스 순천오천점,전라남도 순천시 오천6길 15(1층 오천동),매우우수
13,배스킨라빈스 다대포점,부산광역시 사하구 다대로 435(다대동),매우우수
14,던킨도너츠 인천삼산점,"인천광역시 부평구 길주로 659(미라쥬타워 1층 109-1호, 109-3호 삼산동)",매우우수
15,가민카페(GARMIN CAFE),경기도 수원시 영통구 광교중앙로 124(갤러리아 광교 5층 하동),매우우수
16,우리집 파스타,서울특별시 송파구 백제고분로21길 8(1층 106호 삼전동),우수
17,공차 인천국제공항6호점,인천광역시 중구 공항로 272(인천국제공항 제1여객터미널 일반동 3층 FB-P5-06호 운서동),매우우수
18,배스킨라빈스 순천신대점,전라남도 순천시 해룡면 향매로 91(1층),매우우수
19,배스킨라빈스 부산동아대점,부산광역시 사하구 낙동대로 518(하단동),매우우수
20,파리바게뜨삼전점,서울특별시 송파구 백제고분로 261(삼전동),매우우수
21,더벤티 부평시장역점,"인천광역시 부평구 부평대로 69(부평동, 1층)",매우우수
22,펀토리하우스 광교갤러리아점,경기도 수원시 영통구 광교중앙로 124(갤러리아 광교 6층 하동),매우우수
23,GS25 다산아이파크,경기도 남양주시 다산순환로 325(다산 아이파크 상가 1층 101호 다산동),매우우수
24,이디야법원점,"인천광역시 미추홀구 소성로185번길 28(105호 학익동, 명인빌딩)",매우우수
25,엔제리너스 동신병원점,서울특별시 서대문구 연희로 276(홍은동),매우우수
26,라이킹(來KING)마라탕,경기도 광주시 수하길11번길 2(1층 송정동),좋음
27,본도시락일산동국대병원점,경기도 고양시 일산동구 위시티로 25(B05호 식사동),우수
28,교촌치킨운양점,"경기도 김포시 김포한강11로 310(1층 123호 운양동, 리앤포레)",매우우수
29,60계오리미금점,"경기도 성남시 분당구 구미로9번길 25(구미동,분당대맥주차장빌딩 105-1)",매우우수
30,롯데리아 서대문역점,"서울특별시 서대문구 통일로 127(충정로2가, 1층)",매우우수
31,식사동 배스킨라빈스(Baskin BR Robbins),경기도 고양시 일산동구 위시티2로11번길 45(위시티일산자이 주상복합상가동 117-2일부호 식사동),매우우수
32,더벤티 광주태전점,경기도 광주시 태봉로 145-2(우영상가 101호 태전동),매우우수
33,멕시카나치킨(무선 죽림점),전라남도 여수시 무선6길 24(1층 선원동),매우우수
34,투썸플레이스 씨제이비(CJB)센터점,충청북도 청주시 서원구 1순환로 840(1층 산남동),매우우수
35,한국맥도날드(유) 여수학동DT점,전라남도 여수시 망마로 9(학동),매우우수
36,파리바게뜨약대점,"경기도 부천시 중동로 400(삼정동, 1층 5,6,8호)",매우우수
37,60계 평택소사벌점,경기도 평택시 비전5로 20-9(골든타워 129-130호 비전동),매우우수
38,교촌치킨 동판교,"경기도 성남시 분당구 판교역로192번길 12(삼평동, 1층 일부)",우수
39,도미노피자김포장기,경기도 김포시 김포한강1로78번길 62-15(장기동),매우우수
40,60계칠곡왜관점,경상북도 칠곡군 왜관읍 석전로7길 5(상가동 1층 101호 왜관한양수자인아파트),우수
41,60계 인천도화점,인천광역시 미추홀구 숙골로 116(스카이프라자1 104.105호 도화동),매우우수
42,배스킨라빈스매곡점,"광주광역시 북구 서하로 131(매곡동,지상1층)",매우우수
43,샤브진,전라남도 여수시 국포1로 36(롯데마트 3층 국동),매우우수
44,역전우동0410 성남의료원점,경기도 성남시 수정구 수정로 161(삼진빌딩 1층 일부호 태평동),매우우수
45,GS25여수요트장점,전라남도 여수시 소호로 405(소호동),매우우수
46,거인감자탕,"경기도 안양시 만안구 태평로60번길 42(센트럴타워2 지상2층 205호,206호 안양동)",매우우수
47,본도시락 청주직지스타점,"충청북도 청주시 흥덕구 직지대로436번길 76(직지스마트타워 101일부,102호 송정동)",우수
48,스타벅스평택대DT점,"경기도 평택시 서동대로 3847(1,2층 용이동)",매우우수
49,배스킨라빈스 태전힐스테이트점,경기도 광주시 태봉로 145-1(1층 101~102호 태전동),매우우수
50,더벤티 중동현대점,경기도 부천시 소향로 117(베네피아오피스텔 105호 중동),우수
51,햄버거 나뚜루 구로디지털역점,서울특별시 관악구 시흥대로 578(지상1층 신림동),매우우수
52,도미노피자김포사우점,경기도 김포시 돌문로 95(1층 사우동),매우우수
53,에그셀런트 이대점,서울특별시 서대문구 이화여대길 86(지상1층 대현동),매우우수
54,60계 경기일산위시티점,경기도 고양시 일산동구 위시티3로 53-10(1층 일부호 식사동),매우우수
55,네네치킨 앤 봉구스밥버거 하복대점,충청북도 청주시 흥덕구 증안로22번길 13-1(1층 복대동),우수
56,베스킨라빈스 광주신현점,경기도 광주시 오포읍 신현로 72(1층),매우우수
57,성수면옥,전라남도 여수시 국포1로 36(롯데마트 3층 국동),매우우수
58,60계치킨(여수충무점),전라남도 여수시 좌수영로 39(광무동),매우우수
59,피자알볼로목동본점,"서울특별시 양천구 은행정로4길 16(신정동, 에이동 1층)",매우우수
60,배스킨라빈스평택팽성점,경기도 평택시 팽성읍 부용로 31(국제빌딩 103호),매우우수
61,푸라닭 창원감계점,경상남도 창원시 의창구 북면 감계로110번길 54-3(에이스상가 지하층 101호),매우우수
62,네오 클레시끄(Neo Classique),서울특별시 서대문구 신촌로 221(1층 가호 북아현동),매우우수
63,B.H.C. 양주덕정점,"경기도 양주시 고암길 200-8(고암동, 102호)",매우우수
64,호식이두마리치킨 난곡점,서울특별시 관악구 난향5길 2(신림동),매우우수
65,굽네치킨(중동2호점),"경기도 부천시 길주로 273(110호 중동, 신명타운)",매우우수
66,교촌치킨,경기도 고양시 일산서구 일현로 31(1층 일부호 탄현동),매우우수
67,이디야커피 가천대점,경기도 성남시 수정구 성남대로 1334(110-1호 태평동),매우우수
68,60계치킨 강원횡성점,강원도 횡성군 횡성읍 읍상로 22-1,매우우수
69,(주)현대그린푸드 카페베즐리익스프레스,"충청북도 청주시 흥덕구 직지대로 308(복대동, 현대백화점충청점지하2층)",매우우수
70,본정케익초콜릿,"충청북도 청주시 흥덕구 직지대로 308(복대동, 현대백화점충청점지하1층)",매우우수
71,교촌치킨 송우점,"경기도 포천시 소흘읍 송우로 75(1층 103,104호)",매우우수
72,지비디(gbd),"부산광역시 해운대구 좌동로14번길 54(중동, 1층,2층일부)",매우우수
73,베스킨라빈스 문현점,부산광역시 남구 수영로 36(1층 문현동),매우우수
74,스트릿츄러스 충청현대점,충청북도 청주시 흥덕구 직지대로 308(현대백화점 지하1층 일부호 복대동),좋음
75,엔제리너스 부천역점,경기도 부천시 부일로 460(시네마존 101호 심곡동),매우우수
76,멕시카나치킨 화정점,광주광역시 서구 염화로 103(1층 화정동),좋음
77,치킨플러스 주월점,광주광역시 남구 회서로11번길 2(1층 주월동),좋음
78,공차더블유스퀘어점,"부산광역시 남구 분포로 145(더블유스퀘어동 1층 1024,1025호 용호동, 더블유)",매우우수
79,60계태안점,충청남도 태안군 태안읍 후곡로 132,우수
80,던킨도너츠,경기도 포천시 중앙로119번길 2(신읍동),좋음
81,GS25금석원룸,충청북도 음성군 금왕읍 금석택지1길 9-1,우수
82,지에스25가좌중앙점,"경상남도 진주시 진주대로 554(가좌동, 1층일부)",우수
83,배스킨라빈스,경상남도 밀양시 삼문중앙로 23(삼문동),매우우수
84,뿔난황소곱창 다산신도시점,경기도 남양주시 다산중앙로123번길 22-8(리더스퀘어 111호 다산동),매우우수
85,BHC치킨 강북구청점,서울특별시 강북구 한천로143길 36(수유동),매우우수
86,그래인스,"충청북도 청주시 흥덕구 직지대로 308(복대동, 현대백화점충청점지하1층)",매우우수
87,박가부대,"서울특별시 중구 한강대로 416(남대문로5가, 서울스퀘어 지하1층 19호)",좋음
88,참진주면옥,경상남도 진주시 가호로 76(1층 호탄동),매우우수
89,비에이치씨구미산동점,"경상북도 구미시 산동읍 신당2로 57(1동 1층 108,109호)",매우우수
90,교촌치킨(왕암점),충청북도 제천시 소새로1길 11(1층 왕암동),매우우수
91,60계치킨제주서귀포중문점,제주특별자치도 서귀포시 천제연로 268(1층 104호 중문동),매우우수
92,포천신북점이디야,경기도 포천시 신북면 호국로 2000(주건축물제2동),매우우수
93,배스킨라빈스창원동읍점,경상남도 창원시 의창구 동읍 의창대로 856(102동 1층 101호 원창호수아파트),매우우수
94,던킨도너츠양천구청점,"서울특별시 양천구 목동서로 349(신정동, 센트럴프라자1층105호)",매우우수
95,GS25 제천장락타운,충청북도 제천시 신죽하로 83-11(1층 고암동),매우우수
96,인가베,경상남도 진주시 강변길10번길 16(1층 일부 호탄동),매우우수
97,던킨충남태안점,충청남도 태안군 태안읍 후곡로 132,매우우수
98,BHC백운양림점,광주광역시 남구 진다리로 46(2층 백운동),우수
99,푸라닭 음성금왕점,충청북도 음성군 금왕읍 무극로 206(1층),매우우수
100,공차(Gong Cha),"충청북도 청주시 흥덕구 직지대로 308(지하1층 복대동, 현대백화점 충청점)",매우우수
101,파리바게뜨중동교점,대구광역시 수성구 청수로4길 8(1층 중동),매우우수
102,비에이치씨(bhc),경기도 양주시 고읍남로191번길 86-23(103호 광사동),매우우수
103,파리바게뜨,"서울특별시 중구 새문안로 30(충정로1가,지상1층)",매우우수
104,롯데컬처윅스(주) 롯데시네마 수유 스위트샵,서울특별시 강북구 도봉로 308(10층 번동),매우우수
105,비에이치씨 옥계점,경상북도 구미시 흥안로 18(1층 옥계동),매우우수
106,이디야커피,광주광역시 남구 백운로 73(1층 백운동),매우우수
107,지에스25시편의점,제주특별자치도 제주시 도령로 31(노형동),우수
108,폴바셋 현대프리미엄아울렛 남양주점,경기도 남양주시 다산순환로 50(현대프리미엄아울렛 SPACE1-A148호 다산동),매우우수
109,던킨도너츠비아이에프씨점,부산광역시 남구 문현금융로 40(부산국제금융센터 A동 1층 A111호 문현동),매우우수
110,플래넷부천점,경기도 부천시 장말로 229-4(1층 일부호 중동),매우우수
111,CGV진주혁신,경상남도 진주시 에나로127번길 30(드림어반스퀘어 4층 407호 충무공동),매우우수
112,한국맥도날드(유)진주가좌DT점,"경상남도 진주시 진주대로 612(가좌동, 1층,2층,3층)",매우우수
113,지에스25동남센터점,충청북도 청주시 상당구 중고개로125번길 17(1층 103호 용암동),우수
114,BURGER KING 버거킹 충북혁신도시점,충청북도 음성군 맹동면 대하2가길 11(101~104호),매우우수
115,비스포킷 신세계센텀시티점,부산광역시 해운대구 센텀남대로 35(신세계백화점센텀시티점 지하1층 일부호 우동),매우우수
116,교촌치킨,충청남도 태안군 태안읍 중앙로 133-5,매우우수
117,투썸플레이스(A TWOSOME PLACE) 제천강저점,충청북도 제천시 청풍호로10길 40(1층 강제동),매우우수
118,마당예쁜집,강원도 철원군 동송읍 이평로 123,매우우수
119,짬뽕지존,대구광역시 수성구 상록로 5(2층 범어동),매우우수
120,BHC명동점,"서울특별시 중구 명동7길 21(1층 을지로2가, 명동아르누보센텀 111호)",우수
121,비에이치씨송정점,"경상북도 구미시 박정희로 599(상가동 1층 102,103호 송정동, 푸르지오캐슬 A단지)",매우우수
122,파스쿠찌울산신정점,"울산광역시 남구 동산로29번길 4(104, 201호 신정동)",매우우수
123,교촌치킨흥해점,경상북도 포항시 북구 흥해읍 남미질로 7-1(1층),매우우수
124,투썸플레이스 용인흥덕점,"경기도 용인시 기흥구 흥덕중앙로 55(리써밋타워 1,2층 106,107,204호 영덕동)",매우우수
125,뚜레쥬르양산석산점,"경상남도 양산시 동면 금오16길 6(1층 101호,102호)",우수
126,고피자목포하당점,전라남도 목포시 비파로43번길 22(1층 상동),매우우수
127,고래카페테리아,울산광역시 남구 산업로 654(태화강역 3층 삼산동),매우우수
128,이디야커피배곧고등학교점,"경기도 시흥시 배곧4로 87(베스트프라자 1층 116, 117호 정왕동)",매우우수
129,교촌치킨 동천1호점,경기도 용인시 수지구 동천로113번길 5(1층 일부호 동천동),매우우수
130,교촌치킨 덕계점,경상남도 양산시 덕계로 51(1층 덕계동),매우우수
131,고피자(목포북항점),전라남도 목포시 청호로 188(산정동),매우우수
132,비에이치씨(BHC)오산누읍점,경기도 오산시 발안로 1367(석선빌딩 102호 누읍동),좋음
133,투썸플레이스 성복점,"경기도 용인시 수지구 성복1로 35(지하2층 118호, 119호, 120호, 121호 성복동, 성복역 롯데캐슬 클라시엘)",매우우수
134,네네치킨,"울산광역시 남구 수암로196번길 7(지하 1층 101호 야음동, 미도아파트 상가)",매우우수
135,"BHC 치킨(평산, 덕계점)",경상남도 양산시 평산남로 46(평산동),매우우수
136,도이창카페배곧롯데마트점,"경기도 시흥시 서울대학로278번길 67(2층 정왕동, 롯데마트시흥배곧점 내)",매우우수
137,이비스스타일 스카이킹덤,서울특별시 용산구 청파로20길 95(31~33층 한강로3가),매우우수
138,호식이 두마리 치킨 율하점,대구광역시 동구 율하동로21길 42-1(1층 율하동),매우우수
139,배스킨라빈스,경상남도 양산시 덕계동 991,매우우수
140,푸라닭목포북항점,전라남도 목포시 원산중앙로 52(1층 104호 산정동),매우우수
141,투썸플레이스거북섬점,"경기도 시흥시 거북섬2길 5(시흥시 MTV 프라자 3층 304, 305, 306호 정왕동)",매우우수
142,호식이두마리치킨 신서점,대구광역시 동구 동호로9길 57(1층 신서동),매우우수
143,함께냥,경기도 오산시 내삼미로80번길 14(1층 수청동),매우우수
144,비에이치씨(BHC)치킨,서울특별시 광진구 용마산로 84(1층 중곡동),매우우수
145,네네후라이드치킨행복점,"대전광역시 서구 정림서로 162-18(정림동,강변들 보람@ 상가 106호)",매우우수
146,네네치킨청대점,"충청북도 청주시 청원구 상당로232번길 32(우암동,1층)",좋음
147,60계치킨선운송정점,광주광역시 광산구 선운중앙로 50(1층 108호 선암동),매우우수
148,폴바셋 롯데프리미엄아울렛 김해점,경상남도 김해시 장유로 469(롯데아울렛 1층 신문동),매우우수
149,다르다김밥.주먹밥 상무직영점,"광주광역시 서구 치평로 86(1층 치평동, 107호,108호일부)",우수
150,이디야,부산광역시 부산진구 서전로10번길 71(부전동),매우우수
151,교촌치킨 빛가람1호점,"전라남도 나주시 상야1길 20(주건축물제1동 1층 125호 빛가람동, 엘타워)",매우우수
152,배스킨라빈스 김해율하2지구점,경상남도 김해시 율하로 474(토마토빌딩 103호 장유동),매우우수
153,공차 대전탄방점,대전광역시 서구 문정로 70(1층 일부호 탄방동),매우우수
154,버거킹광주하남점,"광주광역시 광산구 풍영철길로 15(우산동,콜롬버스월드2층213-3호)",매우우수
155,BHC중곡점,서울특별시 광진구 능동로 327(중곡동),매우우수
156,푸라닭 청주내덕우암점,충청북도 청주시 청원구 대성로300번길 11(지하1층 내덕동),매우우수
157,GS25해남터미널점,전라남도 해남군 해남읍 해남로 11,좋음
158,다르다 김밥주먹밥 수완직영점,광주광역시 광산구 장신로147번길 6(1층 104호 수완동),좋음
159,베스트생갈비찜&찜닭 월평점,대전광역시 서구 월평로 94(1층 일부호 월평동),매우우수
160,던킨 김해율하점,경상남도 김해시 율하6로 60(베스트프라자 101호 장유동),매우우수
161,크리스피크림건대스타시티점,"서울특별시 광진구 아차산로 262(지하1층 자양동, 더샵스타시티)",우수
162,KFC서면점,부산광역시 부산진구 중앙대로 681-1(1-2층 부전동),우수
163,BHC(비에치씨)오창과학단지점,충청북도 청주시 청원구 오창읍 과학산업5로 118-4(1층 101호),우수
164,폴바셋 롯데몰동부산점,부산광역시 기장군 기장읍 기장해안로 147(1층 A128호 롯데몰동부산점),매우우수
165,랍스터바 나인원 한남,"서울특별시 용산구 한남대로 91(지2층 한남동, 나인원 한남)",매우우수
166,그래인스,서울특별시 송파구 올림픽로 240(지하1층 잠실동),매우우수
167,배스킨라빈스 킨텍스역점,"경기도 고양시 일산서구 킨텍스로 240(181,182호 대화동, 킨텍스 꿈에그린)",매우우수
168,비에이치씨(BHC)숙대점,서울특별시 용산구 청파로71길 5(1층 청파동1가),우수
169,피자헛 수원호매실점,경기도 수원시 권선구 금곡로102번길 48(1층 102호 금곡동),매우우수
170,이디야춘천공지천점,강원도 춘천시 수변공원길 11(1층 104호 삼천동),매우우수
171,이디야,광주광역시 남구 효우2로26번길 7(1층 행암동),매우우수
172,던킨도너츠 아산충무병원점,충청남도 아산시 문화로 385(1층 101호 모종동),매우우수
173,지에스25신부도솔점,"충청남도 천안시 동남구 신부8길 21(상가1-1동 지하1층 110-111호 신부동, 도솔노블시티 동문굿모닝힐)",매우우수
174,BHC치킨 기장대청점,부산광역시 기장군 기장읍 대청로35번길 64,매우우수
175,백미당고메이494한남점,"서울특별시 용산구 한남대로 91(지2층 한남동, 나인원 한남)",매우우수
176,배스킨라빈스화정역점,"경기도 고양시 덕양구 화중로 60(화정동,화정종합상가 105호, 106호 일부)",매우우수
177,파스쿠치 파주문산DI점,경기도 파주시 문산읍 우계로 424(101호),매우우수
178,소울포크,경기도 수원시 장안구 대평로90번길 19(라이프스포츠 수원 1층 119호 정자동),매우우수
179,비에이치씨(BHC)용산삼각지점,"서울특별시 용산구 백범로99길 40(101동 1층 115,116호 한강로2가, 용산 베르디움 프렌즈)",매우우수
180,(주)미미미 잠실롯데백화점,"서울특별시 송파구 올림픽로 240(2층 잠실동, 롯데백화점 잠실점)",매우우수
181,60계치킨경주성건점,경상북도 경주시 금성로407번길 8(성건동),좋음
182,교촌치킨 계림점,광주광역시 동구 동계천로 12-1(1층 대인동),매우우수
183,던킨도너츠(강원대병원점),강원도 춘천시 백령로 156(효자동),매우우수
184,폴바셋 롯데백화점 잠실점,"서울특별시 송파구 올림픽로 240(지하1층 잠실동, 롯데백화점)",매우우수
185,동천용강점 굽네치킨,경상북도 경주시 동천로 39(1층 동천동),좋음
186,멕시카나치킨성정점,충청남도 천안시 서북구 서부13길 11(1층 성정동),매우우수
187,베스킨라빈스,부산광역시 기장군 기장읍 차성동로 63,매우우수
188,GS25 용화센트럴점,충청남도 아산시 용화로9번길 3(1동 1층 용화동),매우우수
189,피에세,"서울특별시 용산구 한남대로 91(지2층 006호 한남동, 나인원 한남)",매우우수
190,박가부대 수원영화배달점,경기도 수원시 장안구 수성로258번길 21(1층 105호 영화동),우수
191,교촌치킨원흥점,"경기도 고양시 덕양구 도래울로 110(테마시티 125,126호 도내동)",매우우수
192,이디야커피 대구죽전역점,"대구광역시 달서구 와룡로 169(판매시설동 1층 102-106호 감삼동, 월드마크웨스트엔드)",매우우수
193,소담촌,경기도 파주시 후곡로 19(3층 전부 금촌동),매우우수
194,60계치킨대구금호지구점,대구광역시 북구 한강로6길 6(1층 사수동),우수
195,카페베즐리(CAFE VEZZLY),충청남도 아산시 인주면 현대로 1077(인주면 금성리 123 공장현대자동차주 2동엔진자동창고 세타식당 2층),매우우수
196,일상담미한남점,"서울특별시 용산구 한남대로 91(지2층 007호 한남동, 나인원 한남)",매우우수
197,빽다방 고양신원당점,경기도 고양시 덕양구 고양대로1384번길 7-5(서강프라자 106호 성사동),매우우수
198,지에스25두정역길점,충청남도 천안시 서북구 두정역길 5(1층 두정동),매우우수
199,비에이치씨(BHC)이촌점,서울특별시 용산구 이촌로14길 11-6(1동 1층 102호 이촌동),매우우수
200,미슐랭온더테이블,강원도 춘천시 효자로150번길 10-1(효자동),매우우수
201,이디야커피 영남대점,경상북도 경산시 청운로 18(대동),우수
202,교촌치킨,"경기도 수원시 팔달구 중부대로239번길 5(103호 우만동, 우만동R타워)",매우우수
203,BBQ치킨서구점,"대구광역시 서구 국채보상로 316(202동 106호 평리동,평리롯데캐슬상가)",좋음
204,(주)경인석유고속도로외동(상)휴게소 한식당,경상북도 경주시 외동읍 상석길 58-70,매우우수
205,가마치통닭 일광점,부산광역시 기장군 일광면 해빛로 39-15(116상가동 105호 일광 자이 푸르지오 1단지),매우우수
206,베질루르스위트갤러리,경기도 용인시 기흥구 신고매로 124(롯데프리미엄아울렛기흥점 주건축물제1동 1층일부 고매동),매우우수
207,만석장 롯데프리미엄아울렛기흥점,경기도 용인시 기흥구 신고매로 124(롯데프리미엄아울렛기흥점 주건축물제1동 2층일부 고매동),매우우수
208,그랜드머큐어(A동)이그제큐티브라운지,"서울특별시 용산구 청파로20길 95(3층 한강로3가, 서울드래곤시티)",매우우수
209,(주)보림로지스틱스죽암 델리만쥬(호두과자),충청북도 청주시 서원구 현도면 경부고속도로 290(죽암휴게소 서울종점 1층),매우우수
210,파스쿠찌 천호로데오점,서울특별시 강동구 구천면로 212(1층 천호동),매우우수
211,노보텔 알라메종델리,"서울특별시 용산구 청파로20길 95(1층 한강로3가, 서울드래곤시티)",매우우수
212,60계치킨 미아점,"서울특별시 강북구 삼양로27길 95(상가동 지하2층 109호 미아동, 두산위브트레지움아파트)",매우우수
213,싸움의고수 영등포빅마켓점,서울특별시 영등포구 영중로 125(롯데마트 2층 4호 영등포동8가),매우우수
214,콘타이,경기도 용인시 기흥구 신고매로 124(롯데프리미엄아울렛 기흥점 주건축물 제1동 2층 일부호 고매동),매우우수
215,(주)보림로지스틱스 죽암(오징어 외),충청북도 청주시 서원구 현도면 경부고속도로 290(죽암휴게소 서울종점 1층),매우우수
216,60계치킨영등점,"전라북도 익산시 무왕로13길 25(519동 1층 110호 영등동, 영등3차제일아파트상가)",매우우수
217,1930 사랑채 카페,전라남도 신안군 암태면 박달로 362-28,매우우수
218,베스킨라빈스 미아역점,"서울특별시 강북구 도봉로 193(미아동,도봉로193)",매우우수
219,버거킹 충남도청점,"충청남도 홍성군 홍북읍 청사로174번길 2(1,2층)",우수
220,노보텔스위트 메가바이트,"서울특별시 용산구 청파로20길 95(1층 한강로3가, 서울드래곤시티)",매우우수
221,버거킹 목동이마트점,"서울특별시 양천구 오목로 299(지하2층 목동, 트라팰리스이마트목동점)",매우우수
222,벌크커피 상무중앙점,광주광역시 서구 상무평화로 79(팔복빌딩 1층 치평동),매우우수
223,알로이팟타이,서울특별시 영등포구 영중로 125(롯데마트 2층 5호 영등포동8가),매우우수
224,박가 부대찌개,"서울특별시 강서구 공항대로 269-15(2층 213-1~2호 마곡동, 가양 1동 힐스테이트에코마곡)",우수
225,아웃오브오피스,경기도 용인시 기흥구 신고매로 124(롯데프리미엄아울렛기흥점 주건축물1동 1층일부 고매동),매우우수
226,삼생맛(3生맛),"대구광역시 수성구 범어로19길 2(1,2층 범어동)",우수
227,교촌치킨 금광1호점,경기도 성남시 중원구 자혜로 82-1(1층 금광동),매우우수
228,파파밸리피자 뉴코아 평촌점,경기도 안양시 동안구 동안로 119(일부 지하 2층 호계동),좋음
229,교촌치킨운암2호점,광주광역시 북구 비엔날레로 29(1층 운암동),매우우수
230,(주)보림로지스틱스죽암(토스트외),충청북도 청주시 서원구 현도면 경부고속도로 290(죽암휴게소 서울종점 1층),매우우수
231,이탈리안 레스토랑 고산,전라남도 신안군 팔금면 삼층석탑길 473,좋음
232,푸라닭 충남내포신도시점,충청남도 홍성군 홍북읍 청사로174번길 25(성원타워 103호),우수
233,빽다방 미아역점,서울특별시 강북구 도봉로 190(비전빌딩 1층 미아동),매우우수
234,믿음직화 영등포빅마켓점,서울특별시 영등포구 영중로 125(롯데마트 2층 15호 영등포동8가),매우우수
235,투썸플레이스대구두산동DT점,"대구광역시 수성구 무학로 121(1,2층 두산동)",매우우수
236,멕시카나정자점,경기도 성남시 분당구 내정로7번길 7(1층 정자동),매우우수
237,볼케이노히어로까페,경기도 용인시 기흥구 신고매로 124(롯데프리미엄아울렛기흥점 주건축물제1동 1층 일부호 고매동),매우우수
238,60계치킨(오목교역점),서울특별시 양천구 목동동로12길 20(하버드 1층 103호 신정동),매우우수
239,피자헛 정읍점,전라북도 정읍시 충정로 70(101호 상동),매우우수
240,(주)보림로지스틱스 죽암(스테프핫도그),충청북도 청주시 서원구 현도면 경부고속도로 290(죽암휴게소 서울종점 1층),매우우수
241,지에스25  익산궁동점,전라북도 익산시 무왕로25길 21(부송동),매우우수
242,엔제리너스VIC마켓영등포점,"서울특별시 영등포구 영중로 125(영등포동8가, VIC마켓 영등포점 2층 일부)",매우우수
243,문카페,전라남도 신안군 안좌면 소곡두리길 319(2층),매우우수
244,던킨도너츠,충청남도 홍성군 홍성읍 내포로 8,매우우수
245,던킨도너츠 강북구청사거리점,서울특별시 강북구 도봉로 358(코스타타워 1층 102호 번동),매우우수
246,파파존스피자 목동점,"서울특별시 양천구 목동서로 213(지상2층 205호206호 목동, 세신비젼프라자)",매우우수
247,교촌치킨(일산점),강원도 원주시 무실로 117(원동),매우우수
248,아시아문평촌엔오점,경기도 안양시 동안구 동안로 119(범계뉴코아 지하2층 호계동),매우우수
249,파파존스 용산점,"서울특별시 용산구 서빙고로 69(1층 상가 15호 용산동5가, 파크타워아파트)",우수
250,홍리마라탕 용인,경기도 용인시 기흥구 신고매로 124(롯데프리미엄아울렛 기흥점 주건축물 제1동 2층 일부호 고매동),매우우수
251,어린이미술관카페,"경기도 성남시 분당구 판교역로146번길 20(백현동, 현대백화점 판교복합몰 5층 일부)",매우우수
252,신참떡볶이(테크노점),대구광역시 달성군 유가면 테크노상업로4길 7-4(1층 106호 로얄타워),매우우수
253,묵찜빠,대구광역시 남구 중앙대로 247-1(1층 대명동),좋음
254,제주산방식당대구점,대구광역시 수성구 달구벌대로 2420(1층 범어동),매우우수
255,엔제리너스 동의의료원점,"부산광역시 부산진구 양정로 52-57(양정동,동의의료원 내1층)",매우우수
256,베스킨라빈스,"울산광역시 동구 방어진순환도로 637(일산동,지하1층)",매우우수
257,하남성,울산광역시 동구 대송로 19(일산동),매우우수
258,호식이두마리치킨 신정5동점,"울산광역시 남구 월평로171번길 26(115호 신정동, 신정 지웰)",매우우수
259,베스킨라빈스(전하점),울산광역시 동구 전하로 2(전하동),매우우수
260,비에이치씨(BHC)치킨,"부산광역시 부산진구 범양로125번길 13(양정동,1층)",매우우수
261,비비큐상모점,"경상북도 구미시 상사서로 11(901동 105호 상모동, 신세계타운2단지)",매우우수
262,교촌치킨 갈곶고현점,경기도 평택시 진위면 엘지로 55-59,매우우수
263,푸라닭성남위례점,"경기도 성남시 수정구 위례광장로 21-13(힘찬프라자 123,124호 창곡동)",우수
264,떡볶이참잘하는집떡참광명하안점,경기도 광명시 범안로 1061(삼전빌딩 107호 하안동),매우우수
265,화성시니어클럽 노노카페 (봉담도서관점),경기도 화성시 봉담읍 샘마을1길 8-4(4층 봉담도서관),좋음
266,배스킨라빈스,경상북도 포항시 남구 연일읍 연일로 157(1층 102호),매우우수
267,던킨 판교백현점,"경기도 성남시 분당구 동판교로 55(로제비앙스퀘어 1층 106,107호 백현동)",매우우수
268,던킨시흥능곡,경기도 시흥시 승지로59번길 12(시티타워 1층 107호 능곡동),매우우수
269,투썸플레이스여수여서점,전라남도 여수시 여서동1길 38(여서동),매우우수
270,BHC평택칠원점,경기도 평택시 신촌로 75-15(1동 1층 칠원동),매우우수
271,광탄커피,경기도 파주시 광탄면 동거리길 28(1층 일부),매우우수
272,투썸플레이스광명하안점,"경기도 광명시 하안로287번길 21(하안동, 1층102호,105호,2층)",매우우수
273,김천(부산방향)휴게소열린매장,경상북도 김천시 농소면 경부고속도로 193,매우우수
274,롤링핀오산점,"경기도 오산시 오산로190번길 35(1층,2층 원동)",우수
275,화성시니어클럽 노노카페 태안도서관점,경기도 화성시 화산중앙로 19(태안도서관 1층 104호 안녕동),매우우수
276,던킨(시흥하중점),경기도 시흥시 하중로 195(하중랜드빌딩 1층 일부호 하중동),매우우수
277,파리바게뜨성세점,경기도 평택시 서정북로 79(서정동),매우우수
278,기아차소하리(카페베즐리),"경기도 광명시 기아로 113(3층 소하동, 기아자동차소하리공장 대식당)",매우우수
279,밀방떡향남점,경기도 화성시 향남읍 행정죽전로1길 33(102호),매우우수
280,투썸플레이스 수정점,전라남도 여수시 오동도로 61-13(1층 수정동),매우우수
281,김천(서울방향)휴게소(공주밤빵/직화수제꼬치),경상북도 김천시 농소면 경부고속도로 194,우수
282,파발빵카페(파발빵cafe),경기도 파주시 탄현면 헤이리마을길 16(2층),매우우수
283,까페 쉼표,"경기도 파주시 운정역길 357(야당동, 1층 일부)",매우우수
284,교촌치킨,경상북도 포항시 남구 연일읍 연일중앙로 37(1층),매우우수
285,파파존스 판교점,"경기도 성남시 분당구 서판교로 154(2층 204호 판교동, 낙생빌딩)",매우우수
286,던킨 판교테크노밸리점,경기도 성남시 분당구 판교로255번길 9-22(판교 우림 W-CITY 2층 216호 삼평동),매우우수
287,던킨도너츠오산세교점,"경기도 오산시 수청로 188(금암동, 롯데슈퍼 110호)",매우우수
288,이디야(엑스포점),전라남도 여수시 오동도로 61-18(수정동),우수
289,장성창포점 굽네치킨,경상북도 포항시 북구 대곡로 10(두호동),좋음
290,(주)공차코리아평택AK점,경기도 평택시 평택로 51(지하1층 평택동),매우우수
291,김천(서울방향)휴게소열린매장,경상북도 김천시 농소면 경부고속도로 194,매우우수
292,달려온(ON)카페,경기도 파주시 심학산로423번길 7-24(1층 일부 목동동),매우우수
293,가람,"서울특별시 송파구 올림픽로43길 88(지상1층 풍납동, 영안실동)",매우우수
294,투썸플레이스 디지털미디어시티역점,서울특별시 마포구 성암로 189(중소기업 DMC 타워 1층 상암동),매우우수
295,원할머니보쌈족발시흥목감배달점,경기도 시흥시 수풀안길 14-23(메트로타워-2 1층 107호 조남동),매우우수
296,롯데리아광명역점,"경기도 광명시 광명역로 21(1층 일직동, 고속철도광명역)",매우우수
297,롤리아 롯데인천터미널점,인천광역시 미추홀구 연남로 35(롯데백화점 인천터미널점 지하1층 관교동),매우우수
298,이디야 화성향남시범점,경기도 화성시 향남읍 행정중앙1로 10(1층 일부호),매우우수
299,한강,"서울특별시 송파구 올림픽로43길 88(지하1층 풍납동, 서울아산병원 동관)",매우우수
300,60계치킨 파주금촌점,경기도 파주시 금빛로 15(미라클프라자 102.103호 금촌동),매우우수
301,파파존스 중계점,"서울특별시 노원구 한글비석로 264(209호 중계동, 중계그랜드프라자)",매우우수
302,파리바게뜨부산신항,"경상남도 창원시 진해구 신항동로 141(1층 113 일부호 용원동, 애플타운헤리티지)",매우우수
303,호식이두마리치킨,경기도 고양시 덕양구 보광로 25(고양동),매우우수
304,릴라쫄면,울산광역시 중구 시계탑거리 4(1층 성남동),매우우수
305,화성시니어클럽 노노카페(동탄한림대병원점),경기도 화성시 큰재봉길 7(2층 일부호 석우동),매우우수
306,천사 왕 족발,전라남도 신안군 압해읍 압해로 891(1층),우수
307,푸라닭청주금천점,충청북도 청주시 상당구 명암로 32(주2동 B1층 103호 용담동),좋음
308,파리바게뜨(중계대림점),"서울특별시 노원구 덕릉로73길 12(중계동,1, 2층)",매우우수
309,푸라닭 계룡점,충청남도 계룡시 엄사면 엄사중앙로 113,매우우수
310,BHC 파주봉일천점,경기도 파주시 조리읍 두루봉로 27-7(태형미림아파트 상가동 1층일부),매우우수
311,파리바게트울산팔등로점,"울산광역시 남구 신정로 170(신정동, 지상1층)",매우우수
312,이디야동탄남광장점,"경기도 화성시 동탄중심상가1길 15(씨티21 1층 103,104호 반송동)",매우우수
313,푸라닭 고양동점,경기도 고양시 덕양구 푸른마을로 6(고양 e PLAZA 상가동 1층 125-2호 고양동),매우우수
314,60계치킨,"경기도 고양시 일산서구 중앙로 1388(지하층 030호 주엽동, 태영프라자)",우수
315,아이갓에브리씽이순신도서관점,전라남도 여수시 웅천6길 51(여수시 이순신도서관 2층 웅천동),매우우수
316,던킨도너츠전주고속터미널점,"전라북도 전주시 덕진구 가리내로 70(금암동, 고속터미널 1층일부)",매우우수
317,천사대교무지개식당,전라남도 신안군 암태면 천사대교로 922(1층),좋음
318,애플블러썸,서울특별시 노원구 노원로 330(롯데마트 지하층 중계동),매우우수
319,배스킨라빈스 공업탑점,울산광역시 남구 삼산로 14(신정동),매우우수
320,"교동짬뽕, 불쭈꾸미",충청북도 청주시 흥덕구 옥산면 경부고속도로 309,매우우수
321,60계치킨청주용암금천점,충청북도 청주시 상당구 낙영로24번길 18(1층 용암동),좋음
322,엔제리너스커피,"대구광역시 북구 옥산로17길 14(111,112호 칠성동2가, 리치프라자)",매우우수
323,고집쟁이최씨공방,경기도 고양시 일산동구 지영로 87(C동 1층 일부호 지영동),우수
324,베스킨라빈스,"경기도 고양시 일산서구 후곡로 22(일산동,1층101,102호)",매우우수
325,파스쿠찌(부산종합터미널점),"부산광역시 금정구 중앙대로 2238(노포동,외34필지)",매우우수
326,버거킹 동탄점,"경기도 화성시 동탄반석로 156(103,104,105호 반송동)",매우우수
327,너울가지,전라남도 여수시 만성로 173(여수시장애인종합복지관 가동 미평동),매우우수
328,카페꽃길,전라남도 신안군 암태면 장단고길 7-9,우수
329,파리바게뜨청주동남우미린점,"충청북도 청주시 상당구 동남로 43(1층 109,110호 방서동)",매우우수
330,파리바게트(청주비하점),"충청북도 청주시 흥덕구 2순환로 1106(303동 B125호 비하동, 서청주파크자이)",매우우수
331,60계치킨진해충무점,경상남도 창원시 진해구 벚꽃로 78-1(1층 일부호 충무동),매우우수
332,한국맥도날드(유) 충남논산 DT점,충청남도 논산시 시민로 247(내동),매우우수
333,꽃마름달동롯데마트점,"울산광역시 남구 삼산로 74(2층 달동, 롯데마트울산점)",우수
334,빽다방 고양덕은드림점,경기도 고양시 덕양구 으뜸로 124(102호 덕은동),매우우수
335,청년피자 하계공릉점,서울특별시 노원구 동일로 1048(1층 중앙계단 왼쪽호 공릉동),우수
336,속초코다리냉면범계점,경기도 안양시 동안구 동안로 119(범계뉴코아 지2층 호계동),매우우수
337,베스킨라빈스풍동점,"경기도 고양시 일산동구 숲속마을1로 71(113~114호 풍동, 샘터17)",매우우수
338,파스쿠찌 부산노포역점,부산광역시 금정구 중앙대로 2238(부산종합버스터미널 2층 노포동),매우우수
339,커피쿡사수점,대구광역시 북구 내곡로 81(부광빌딩 1층 107호 사수동),매우우수
340,지에스(GS) 안동송현LH점,"경상북도 안동시 송현길 16(상가동 1층 102호 송현동, 송현휴먼시아3단지)",우수
341,비에이치씨치킨아중1호점,전라북도 전주시 덕진구 건산로 238(1층 일부호 인후동1가),매우우수
342,노노카페남양도서관점,경기도 화성시 남양읍 역골중앙로 143(2층 일부),매우우수
343,탕이랑 찜이랑,전라남도 신안군 지도읍 읍내길 19-2,우수
344,밀대장79,부산광역시 동래구 명륜로129번나길 11(명륜동),매우우수
345,푸라닭용인서천지구점,경기도 용인시 기흥구 서천동로91번길 2(1층 일부호 농서동),우수
346,작동홍두깨칼국수,경기도 부천시 길주로560번길 63(1층 춘의동),좋음
347,커피위드인 부평역사박물관점,"인천광역시 부평구 굴포로 151(삼산동, 부평역사박물관 2층)",매우우수
348,한국피자헛광주주월점,광주광역시 남구 서문대로 789(1층 주월동),매우우수
349,써브웨이광주신용점,"광주광역시 북구 첨단연신로91번길 10(1층 106, 107호 신용동)",매우우수
350,커피인터뷰 신안점,전라남도 신안군 지도읍 해제지도로 1283-24(1층),매우우수
351,올스타피자전주완산점,전라북도 전주시 완산구 인정로 13(1층 중화산동2가),우수
352,던킨도넛송도신도시점,"인천광역시 연수구 신송로 122(송도동,송도프라자 122호)",매우우수
353,진가원 전주콩나물국밥 묵사발(외동점),경상남도 김해시 전하로304번길 11(외동),좋음
354,카페베즐리,"경기도 용인시 수지구 문인로 30(동천동,3층)",매우우수
355,브라운돈까스(울산산하점),울산광역시 북구 강동산하4로 21(지상1층 109호 산하동),매우우수
356,파리바게트(서창푸르지오점),경상남도 양산시 삼호로 60(1층 삼호동),매우우수
357,파리바게트,부산광역시 남구 석포로 127-1(대연동),매우우수
358,(주)모마 엔젤리너스 인천계산,"인천광역시 계양구 계양문화로 90(용종동, 새롬프라자1차 109호, 203호, 204호)",매우우수
359,크리스피크림 현대중동점,"경기도 부천시 길주로 180(중동, 현대백화점 중동점백화점동 지하1층일부 식품관)",매우우수
360,60계 부산사직점,"부산광역시 동래구 사직로 8(202동 101-1호 사직동, 삼정그린코아 더베스트 1차)",매우우수
361,나따오비까X라비타,인천광역시 서구 청라커낼로288번길 26(현대썬앤빌더테라스 150호 청라동),우수
362,커피위드인 삼산점,인천광역시 부평구 후정동로 6(1층 일부호 삼산동),매우우수
363,이디야커피 간석홈플러스점,"인천광역시 남동구 경원대로 971(1층 일부호 간석동, 홈플러스인천간석점)",매우우수
364,카페모마(cafe moma),울산광역시 울주군 온양읍 보곡1길 19(1층),매우우수
365,어찬,전라남도 신안군 지도읍 해제지도로 1283-24(1층),우수
366,엔제리너스(봉선중앙점),광주광역시 남구 봉선로 152(1층 봉선동),매우우수
367,60계울산명촌점,울산광역시 북구 명촌15길 3-1(지상1층 명촌동),매우우수
368,던킨공항철도검암역점,인천광역시 서구 검바위로 26(검암역공항철도 1층 일부호 검암동),매우우수
369,미분당인천논현점,인천광역시 남동구 앵고개로847번길 72(논현시티 1층 104호 논현동),매우우수
370,베스킨라빈스,"경상남도 양산시 양산역6길 12(중부동,이마트내)",매우우수
371,한국맥도날드(유)광주쌍촌DT점,"광주광역시 서구 상무대로 921-1(1,2층 쌍촌동)",매우우수
372,파리바게뜨 우암점,"부산광역시 남구 우암로154번길 18(우암동,대진아파트 상가1층)",매우우수
373,공차현대송도점,"인천광역시 연수구 송도국제대로 123(송도동, 현대프리미엄아울렛 지하1층)",매우우수
374,찜콩,경기도 부천시 부일로 392(1층 일부 심곡동),매우우수
375,더벤티 김해율하점,경상남도 김해시 율하2로 272(관동동),매우우수
376,교촌치킨 청라점,"인천광역시 서구 중봉대로612번길 10-22(108,109,110호 연희동, 우리프라자)",매우우수
377,지코바치킨,부산광역시 동래구 중앙대로1335번길 89(온천동),매우우수
378,이디야 인천용현유원점,"인천광역시 미추홀구 낙섬중로 110(1,2층 용현동)",매우우수
379,네네치킨평화1호점,전라북도 전주시 완산구 평화17길 10(평화동1가),매우우수
380,커피위드인 인천나비공원점,"인천광역시 부평구 평천로 26-47(청천동,2층)",매우우수
381,호식이두마리치킨 염포양정점,울산광역시 북구 새장터1길 10-1(지상1층 염포동),매우우수
382,써브웨이 광주신창점,광주광역시 광산구 신창로 121(1층 신창동),매우우수
383,카페썸,전라남도 신안군 임자면 진리길 5-1,매우우수
384,파리바게뜨문현역점,"부산광역시 남구 전포대로 16(문현동,이안문현아파트 상가211,212호)",매우우수
385,폴 바셋 롯데몰 수지점,경기도 용인시 수지구 성복2로 38(롯데몰성복점 지하1층 일부호 성복동),매우우수
386,더벤티 산곡역점,"인천광역시 부평구 길주로364번길 9(1층 117호 산곡동, 부평 IPARK)",우수
387,더벤티부천중동팰리스점,경기도 부천시 중동로 146(1층 중동),우수
388,빽다방인천원창북항점,인천광역시 서구 북항로32번안길 35(그리니프라자 104호 원창동),우수
389,불닭발땡초동대문엽기떡볶이 부산안락점,부산광역시 동래구 명장로 135(2층 안락동),매우우수
390,빽다방 전북부안점,전라북도 부안군 부안읍 번영로 123,매우우수
391,이디야 선학역점,인천광역시 연수구 학나래로118번길 45(지상1층 선학동),매우우수
392,본죽 & 비빔밥 카페 인천 주안점,"인천광역시 미추홀구 미추홀대로 716(주안동, 106호,108호)",우수
393,교촌치킨배곧신도시1호점,"경기도 시흥시 배곧4로 18(115, 116호 정왕동)",매우우수
394,BHC치킨,울산광역시 울주군 온양읍 연안8길 21(1층),매우우수
395,강릉60계치킨(회산점),강원도 강릉시 관솔길 14(2층 회산동),매우우수
396,GS25강릉터미널점,강원도 강릉시 하슬라로 20(홍제동),매우우수
397,파리바게뜨 가평현리점,경기도 가평군 조종면 조종희망로 7(1층 102호),매우우수
398,폴바셋용산아이파크몰점,서울특별시 용산구 한강대로23길 55(아이파크몰 동관 6층 한강로3가),매우우수
399,(주)캘리스코 히바린 현대천호점,서울특별시 강동구 천호대로 1005(현대백화점 12층 천호동),매우우수
400,(주)현대그린푸드 베즐리베이커리 압구정점,"서울특별시 강남구 압구정로 165(지하1층 압구정동, 현대백화점)",매우우수
401,롯데컬처윅스(주)롯데시네마청량리스위트샵,서울특별시 동대문구 왕산로 214(7층 전농동),매우우수
402,던킨전주하가점,전라북도 전주시 덕진구 가련산로 11(1층 101호전체.102호일부호 덕진동2가),매우우수
403,GS25 김대중컨벤션,광주광역시 서구 상무화원로11번길 7(1층 치평동),우수
404,빽다방 신용산해링턴점,서울특별시 용산구 서빙고로 17(용산 센트럴파크 해링턴스퀘어 판매시설동동 1층 9호 한강로3가),매우우수
405,푸라닭삼척남양점,강원도 삼척시 진주로 24(남양상가 104호 남양동),매우우수
406,버거킹 명일DT점,서울특별시 강동구 고덕로 168(명일동),매우우수
407,이디야커피 가평설악중앙점,경기도 가평군 설악면 신천중앙로 118(103호),매우우수
408,롯데리아강릉교동점,강원도 강릉시 교동광장로 106(교동),매우우수
409,교촌치킨대정점,제주특별자치도 서귀포시 대정읍 신영로 73(1층),매우우수
410,푸라닭 답십리점,서울특별시 동대문구 사가정로 31-1(1층 답십리동),매우우수
411,멕시카나치킨덕진하가점,전라북도 전주시 덕진구 가련산로 11(1층 102호일부호 덕진동2가),좋음
412,순살만공격전주효자점,전라북도 전주시 완산구 용머리로 103-4(1층 효자동1가),매우우수
413,배스킨라빈스 동해나안점,"강원도 동해시 청운1길 57(1층 101,102호 나안동)",매우우수
414,멕시카나포남1호점,강원도 강릉시 경강로2224번길 17(포남동),매우우수
415,이디야커피 가평설악점,경기도 가평군 설악면 유명로 1600(1층 102호),매우우수
416,스타벅스커피 명일이마트점,"서울특별시 강동구 동남로75길 5(1,2,3F층 명일동)",매우우수
417,투썸플레이스제주모슬포점,제주특별자치도 서귀포시 대정읍 최남단해안로 44(1층),매우우수
418,디뷰,제주특별자치도 제주시 노형7길 9-16(1층 노형동),우수
419,투썸플레이스 상무메이루즈점,"광주광역시 서구 시청로 27(1층 129호 치평동, 광명메이루즈 테라스가든)",매우우수
420,투썸플레이스 전주씨지브이중앙점,"전라북도 전주시 완산구 전주객사3길 72(고사동, 110호일부)",매우우수
421,수준이다른치킨전주효자점,전라북도 전주시 완산구 용머리로 103-4(1층 효자동1가),매우우수
422,할머니가래떡볶이 상일역점,서울특별시 강동구 고덕로 380(고덕아르테온근린생활시설-2 2동 105-1호 상일동),매우우수
423,파리바게뜨,경기도 가평군 가평읍 가화로 114,매우우수
424,명륜진사갈비동해평릉점,"강원도 동해시 평릉길 32(1층 109,110호 평릉동)",매우우수
425,60계치킨강릉포남성덕점,강원도 강릉시 경강로 2322(1층 포남동),매우우수
426,롯데리아 대구동성로점,대구광역시 중구 동성로 39(동성로2가),우수
427,비에이치씨치킨,서울특별시 용산구 대사관로34길 34(한남동),매우우수
428,롯데시네마 수지 엔제리너스,경기도 용인시 수지구 성복2로 38(롯데몰성복점 5층 552호 성복동),매우우수
429,몬스터포동대문,서울특별시 동대문구 답십리로60길 103(1층 답십리동),좋음
430,더벤티,"인천광역시 서구 청라한내로 40(상가동 106호 청라동, 청라 호수공원 한신더휴)",우수
431,BHC해운대마리나,"부산광역시 해운대구 마린시티1로 9(1층 105,106호 우동, 마린시티자이)",매우우수
432,본도시락춘천교대점,강원도 춘천시 공지로 121-1(1층 석사동),매우우수
433,60계치킨(장평점),경상남도 거제시 장평3로3길 22(1층 장평동),좋음
434,베스킨라빈스,"서울특별시 중랑구 상봉로 118(망우동, E마트 1층식품부)",매우우수
435,떡볶이참잘하는집 떡참 청주봉명점,충청북도 청주시 흥덕구 과상미로10번길 57(1층 일부호 봉명동),우수
436,강다짐 세종아름점,세종특별자치시 보듬3로 95(해피라움3 1층 110호 아름동),매우우수
437,60계치킨 울산덕신점,울산광역시 울주군 온산읍 온덕1길 3,매우우수
438,이디야  증산동점,서울특별시 은평구 증산서길 78(일부호 증산동),매우우수
439,이디야커피 거제상동점,경상남도 거제시 상동5길 25(1층 101호 상동동),매우우수
440,그린컨테이너,부산광역시 동래구 중앙대로1301번길 41(1층 온천동),좋음
441,롯데푸드(주) 파스퇴르밀크바 센텀시티점,"부산광역시 해운대구 센텀남대로 59(우동, 롯데백화점 지하1층)",매우우수
442,이디야커피(언양메가마트점),울산광역시 울주군 삼남읍 반구대로 612(1층),매우우수
443,푸드여행,강원도 춘천시 벌말길 89(1층 석사동),매우우수
444,이디야커피 무악재역점,서울특별시 서대문구 통일로 369(지상1~2층 홍제동),매우우수
445,요바,"대구광역시 서구 평리로 214(6동 9,10호 내당동, 내당광명아파트 상가)",우수
446,60계치킨신방통정점,충청남도 천안시 동남구 통정11로 57(1층 신방동),매우우수
447,멕시카나신부점,충청남도 천안시 동남구 신부4길 27(1층 신부동),매우우수
448,BHC 구지행복점,대구광역시 달성군 구지면 과학마을로3길 27(1층),매우우수
449,GS25춘천미소점,강원도 춘천시 근화길15번길 43(1층 근화동),매우우수
450,이디야(갈매점),"세종특별자치시 갈매로 353(에비뉴힐 A동 1층 1002,1004호 어진동)",매우우수
451,현대그린푸드 현대글로비스본사카페,"서울특별시 성동구 왕십리로 83-21(D타워33층 3301호 성수동1가, 아크로 서울포레스트)",매우우수
452,빽다방 먹골역점,서울특별시 중랑구 공릉로2길 7(구산빌딩 1층 105호 묵동),매우우수
453,파리바게뜨운천점,"충청북도 청주시 흥덕구 사운로 265(운천동,1층)",우수
454,60계 서울 연신내점,서울특별시 은평구 연서로27길 16-16(1층 갈현동),매우우수
455,미채담 샤브정 롯데백화점 센텀시티점,부산광역시 해운대구 센텀남대로 59(롯데백화점센텀시티점 지하 1층 일부호 우동),매우우수
456,아쿠아가든카페 갤러리아광교,경기도 수원시 영통구 광교중앙로 124(갤러리아 광교 6층 하동),매우우수
457,60계 아주점,경상남도 거제시 아주1로2길 65(1일부층 아주동),매우우수
458,비에이치씨(BHC) 홍제점,서울특별시 서대문구 통일로37길 42(가동 1층 홍제동),우수
459,마후나 집밥,울산광역시 울주군 청량읍 신덕하2길 7(1층),우수
460,투썸플레이스앞산스카이타운점,대구광역시 남구 앞산순환로 375(대명동),매우우수
461,비에이치씨(bhc)동남지구점,"충청북도 청주시 상당구 중고개로141번길 11-17(1층 109,110호 용암동)",매우우수
462,굽네치킨 도담점,세종특별자치시 보듬3로 6(라온프라이빗시티Ⅱ 1층 107호 도담동),매우우수
463,호호반점 성수낙낙점,서울특별시 성동구 아차산로17길 48(지하1층 RB108호 성수동2가),매우우수
464,멕시카나 묵동점,서울특별시 중랑구 중랑역로 279-1(1층 묵동),매우우수
465,본도시락춘천장학점,강원도 춘천시 동면 춘천순환로 613(103호),매우우수
466,멕시카나안서점,충청남도 천안시 동남구 문암로 62(1층 안서동),매우우수
467,호식이두마리치킨 아주점,"경상남도 거제시 아주로1길 13-1(아주동, 1층)",좋음
468,호식이두마리치킨통영점,"경상남도 통영시 원문로 12(128호 북신동, 진우데파트)",매우우수
469,카츠효,대구광역시 남구 중앙대로49길 24(대명동),좋음
470,공차 대구테크노폴리스점,"대구광역시 달성군 유가읍 테크노상업로 82(1층 105,106호)",매우우수
471,집밥이 좋다,"부산광역시 해운대구 센텀남대로 59(우동, 롯데백화점 센텀시티점 지하1층 식품관)",매우우수
472,로더바이미(L'odeur by me),대구광역시 남구 안골길 56(1층 대명동),매우우수
473,언양닭칼국수 덕신점,울산광역시 울주군 온산읍 신온3길 11(1층),우수
474,바랑,"울산광역시 울주군 온양읍 상발1길 1(1, 2층)",매우우수
475,육십(60)계치킨성서점,"대구광역시 달서구 계대동문로 99(301동 111호 이곡동, 성서보성화성타운상가)",매우우수
476,맛나면 돈까스,경기도 수원시 영통구 매영로45번길 5(1층 일부호 매탄동),우수
477,주식회사 지씨에스 흑석자이,서울특별시 동작구 흑석동 84-129 지에스건설 흑석3구역현장,매우우수
478,비에치씨치킨호프,"서울특별시 양천구 오목로 215-1(신정동,예지2003타운 1층 오목로 148-1)",매우우수
479,투썸플레이스TBC점,대구광역시 수성구 동대구로 36(1층 지산동),매우우수
480,본도시락원주기업도시점,강원도 원주시 지정면 신지정로 153-29,매우우수
481,지에스25 영주에이스점,경상북도 영주시 대학로164번길 7(가흥동),매우우수
482,본도시락 경산하양점,경상북도 경산시 하양읍 대학로 1514(1층),매우우수
483,이디야커피 불국점,경상북도 경주시 산업로 2984(1층 시래동),매우우수
484,"미쿡케이크(Me,cookcake!)",대구광역시 남구 중앙대로49길 38(1층 대명동),매우우수
485,푸라닭 경산영남대점,경상북도 경산시 압량읍 압독3로 27,좋음
486,버거킹원주기업도시점,강원도 원주시 지정면 신지정로 211(109~112호),매우우수
487,지에스25영주부영점,경상북도 영주시 대동로13번길 22(101호 가흥동),매우우수
488,불닭발동대문엽기떡볶이신정점,서울특별시 양천구 신월로 294(지상2층 신정동),우수
489,롯데리아 신정네거리역점,서울특별시 양천구 신월로 297(1층 신정동),매우우수
490,교촌치킨 영천1호점,경상북도 영천시 망정3길 7(망정동),매우우수
491,지에스25영주가흥원룸점,경상북도 영주시 대학로163번길 22-28(에델바이스 1층 가흥동),매우우수
492,비에이치씨 횡성우천점,강원도 횡성군 우천면 수남로 349,매우우수
493,열린매장(경주휴게소점),경상북도 경주시 내남면 경부고속도로 59,매우우수
494,BHC구성마북점,"경기도 용인시 기흥구 마북로 126(마북동, 현대타운 106호)",매우우수
495,비에이치씨(bhc) 안성중앙점,경기도 안성시 대천동 122,매우우수
496,이디야 비산사거리점,경기도 안양시 동안구 경수대로883번길 96(지상1층 비산동),매우우수
497,제주스,경기도 부천시 송내대로 239(부천터미널소풍 5층 5440호 상동),매우우수
498,BHC치킨(산본수리.궁내점),"경기도 군포시 산본로323번길 16-15(광림빌딩 2층 204호,205호 산본동)",좋음
499,치킨플러스 용인동백점,"경기도 용인시 기흥구 언동로217번길 45-1(중동, 용구상가 106호)",매우우수
500,현대제철사내복지관카페,충청남도 당진시 송산면 북부산업로 1526,매우우수
501,돌배기집 사당역지점,서울특별시 서초구 방배천로2길 12(1층 방배동),매우우수
502,카페차이 뉴코아부천점,"경기도 부천시 송내대로 239(소풍 4184호 일부,4185호 일부 상동)",매우우수
503,현대제철한아름카페,충청남도 당진시 송산면 북부산업로 1526,매우우수
504,60계경기용인고림점,"경기도 용인시 처인구 고림로200번길 1(1층 102,103호 고림동)",매우우수
505,BHC 양주백석점,경기도 양주시 백석읍 호명로 65(1층 102호),매우우수
506,60계안성공도점,"경기도 안성시 공도읍 공도로 142(상가2동 108,109호)",매우우수
507,더카페(평촌뉴코아아울렛),"경기도 안양시 동안구 동안로 119(지하2층 호계동, 평촌뉴코아아울렛)",우수
508,이디야 교육개발원사거리점,서울특별시 서초구 바우뫼로 180(1층 양재동),매우우수
509,60계배곧신도시점,경기도 시흥시 서울대학로278번길 26(시흥배곧 아브뉴프랑 센트럴 오렌지 1층 104호 정왕동),매우우수
510,처갓집양념치킨합덕점,충청남도 당진시 합덕읍 미락1안길 31(1층 2호),우수
511,폴 바셋 스타필드 안성점,경기도 안성시 공도읍 서동대로 3930-39(스타필드 안성 2층 2300호),매우우수
512,이디야양재점,서울특별시 서초구 남부순환로347길 38(1층 서초동),매우우수
513,투썸플레이스 부천시청역점,경기도 부천시 길주로 205(솔라리움A동 101호 중동),매우우수
514,화이트리에 갤러리아 광교,경기도 수원시 영통구 광교중앙로 124(갤러리아 광교 지하1층 하동),매우우수
515,케이에프씨여의도점,"서울특별시 영등포구 국회대로70길 15-1(여의도동,1층)",좋음
516,카페몰디브,"경기도 안양시 만안구 안양로 96(1층 127호 안양동, 안양 명학역유보라 더스마트)",매우우수
517,케이에프씨관양1매장,경기도 안양시 동안구 관악대로 302(유니데코빌딩 101호 관양동),우수
518,탐앤탐스 롯데기흥점,경기도 용인시 기흥구 신고매로 124(롯데프리미엄아울렛기흥점 주건축물제1동 지하2층 일부호 고매동),매우우수
519,스시정,충청북도 진천군 덕산읍 대월1길 20(1층 101호),우수
520,파리바게뜨울산야음점,"울산광역시 남구 야음로 37(야음동,외 1필지)",매우우수
521,60계 치킨(위례점),"서울특별시 송파구 위례광장로 136(상가-3동 2층 c225~226호 장지동, 위례아이파크)",매우우수
522,피자플레넷,인천광역시 계양구 계산시장길 10-28(1층 일부호 계산동),매우우수
523,류길상피자,인천광역시 남동구 호구포로 818(퍼스트하임프라자 1층 115호 구월동),우수
524,교촌치킨 양지점,경기도 용인시 처인구 양지면 교동로 8(1층 외2필지),매우우수
525,123막창(삼산점),울산광역시 남구 삼산로266번길 23(지상1층 삼산동),우수
526,군산60계치킨나운미룡점,전라북도 군산시 황룡로 10(1층 103호 미룡동),매우우수
527,푸라닭혁신도시점,충청북도 진천군 덕산읍 시가로 39(102호),우수
528,굽네치킨 아산신창점,충청남도 아산시 신창면 서부북로 920(1층),매우우수
529,교촌치킨 미사1호점,경기도 하남시 미사강변북로30번길 127(1층 망월동),매우우수
530,인디펜던트커피기흥점,경기도 용인시 기흥구 신고매로 124(롯데프리미엄아울렛기흥점 주건축물제1동 2층일부 고매동),매우우수
531,투썸플레이스 마천사거리점,서울특별시 송파구 거마로 61(1층 마천동),매우우수
532,헝그리베어 딜리버리본점,서울특별시 강남구 논현로63길 15(지상1층 A호 역삼동),매우우수
533,60계치킨계양점,인천광역시 계양구 임학동로 3(유림오피스텔 1층 101호 임학동),매우우수
534,푸라닭치킨(김량장점),"경기도 용인시 처인구 금령로12번길 12(김량장동, 1층 일부, 101,102호)",좋음
535,60계치킨군산점,전라북도 군산시 동수송8길 10(수송동),매우우수
536,투썸플레이스광주운암점,광주광역시 북구 대자실로 30(1층 운암동),매우우수
537,멕시카나치킨 (아산온천점),충청남도 아산시 청운로84번길 26(온천동),좋음
538,파리바게뜨삼산중앙점,"울산광역시 남구 삼산중로 49(달동,지상1층)",매우우수
539,팥고당 (잠실점),"서울특별시 송파구 올림픽로 240(지하1층 잠실동, 롯데백화점)",매우우수
540,스쿨푸드 구리다산딜리버리점,경기도 구리시 응달말로52번길 27(가동 1층 인창동),매우우수
541,60계 치킨 압구정점,서울특별시 강남구 압구정로42길 36(1층 104호 신사동),매우우수
542,불닭발땡초동대문엽기떡볶이 죽전중앙점,"경기도 용인시 수지구 현암로 101(죽전동, 애플프라자 106호)",우수
543,롯데컬처웍스(주)롯데시네마 인천터미널 스위트샵,인천광역시 미추홀구 연남로 35(인천종합터미널 지하1층층 관교동),매우우수
544,교동면옥대전유천점,대전광역시 중구 계백로 1554(1층 유천동),매우우수
545,멕시카나치킨 남악점,전라남도 무안군 삼향읍 대죽서로15번길 34(1층 106호),우수
546,60계충북진천점,충청북도 진천군 진천읍 남산8길 2-2,우수
547,두끼떡볶이 롯데프리미엄아울렛기흥점,경기도 용인시 기흥구 신고매로 124(롯데프리미엄아울렛기흥점 주건축물제1동 2층일부 고매동),매우우수
548,더벤티계산역점,인천광역시 계양구 주부토로 541(1층 113호 계산동),매우우수
549,이디야울산삼산초교점,울산광역시 남구 돋질로 410(1층 삼산동),매우우수
550,뚜레쥬르 카페구리갈매점,"경기도 구리시 산마루로 24(1층 104호 갈매동, 신성타워)",매우우수
551,이디야커피(압구정로데오역점),서울특별시 강남구 선릉로161길 20(1층 102호 신사동),우수
552,주식회사 키커피컴퍼니,서울특별시 송파구 올림픽로 240(롯데백화점 잠실점  지하1층 잠실동),매우우수
553,롤링파스타 광교상현역점,경기도 용인시 수지구 광교중앙로 308(광교 에스타워 2층 201호 상현동),매우우수
554,성성식당 미사강변점,경기도 하남시 미사강변중앙로 193(에코브리지 1층 105호 망월동),매우우수
555,파리바게뜨 인천관교점,인천광역시 미추홀구 주승로 242(1층 관교동),매우우수
556,(주)휘게문고대구지점,대구광역시 달서구 월배로 232(롯데백화점 대구상인점 7층 상인동),매우우수
557,멕시카나삼호점,전라남도 영암군 삼호읍 대불주거1로4길 19(101호),좋음
558,이디야커피목포기독병원점,전라남도 목포시 백년대로297번길 7(1층 상동),매우우수
559,배스킨라빈스(울산화봉점),울산광역시 북구 화봉로 75(지상1층 화봉동),매우우수
560,투썸플레이스울산상안점,울산광역시 북구 신답로 31(지상1-2층 상안동),매우우수
561,투썸플레이스명촌점,울산광역시 북구 명촌로 44(지상1~2층 명촌동),매우우수
562,60계치킨 당감부암점,"부산광역시 부산진구 당감서로 66-1(당감동,지상1층)",매우우수
563,파리바게뜨부산덕천점,부산광역시 북구 만덕대로 16(1층 덕천동),매우우수
564,배스킨라빈스 구남역점,부산광역시 북구 백양대로 1057(미래 1층 구포동),매우우수
565,교촌치킨화명1호점,부산광역시 북구 화명대로 108(유림아파트 상가동 1층 102호 화명동),우수
566,BHC Beer(블루밍점),경상남도 함안군 칠원읍 오곡로 94(칠원그랜드쇼핑 105호),매우우수
567,교촌치킨 칠원점,경상남도 함안군 칠원읍 용산1길 27(1층),매우우수
568,호식이두마리치킨 칠서점,경상남도 함안군 칠서면 함의로 7(칠서기공아파트 상가 104호),매우우수
569,함안(순천방향)휴게소 15호점,경상남도 함안군 군북면 현포로 205-1(함안휴게소 순천방향),매우우수
570,화성시니어클럽 노노카페(진안도서관점),경기도 화성시 병점중앙로 229(4층 일부호 진안동),매우우수
571,노노카페(동탄복합문화센터점),경기도 화성시 노작로 134(지1층 일부호 반송동),매우우수
572,교촌치킨(발안1호점),경기도 화성시 향남읍 행정서로3길 4-32(1층 일부호),매우우수
573,오산청년커피,경기도 오산시 북삼미로 42(아스달연대기 드라마세트장 2층 내삼미동),매우우수
574,아마스빈오산시청점,경기도 오산시 성호대로 130(중앙씨티월1 109호 원동),매우우수
575,비에이치씨(bhc)오산원동점,경기도 오산시 운천로 54-16(1층 원동),매우우수
576,베스트생갈비찜앤찜닭,경기도 오산시 오산로 193(탑프라자 1층 116호 오산동),매우우수
577,동대문엽기떡볶이 안산사이점,경기도 안산시 상록구 항가울로 46(1층 일부 사동),매우우수
578,교촌치킨(초지신도시점),"경기도 안산시 단원구 초지로 116(초지동, 미강프라자 102,103,104호)",매우우수
579,교촌치킨고잔2호,경기도 안산시 단원구 와동1로 49(와동),매우우수
580,배스킨라빈스 안산트레이더스점,경기도 안산시 단원구 중앙대로 397(이마트트레이더스 신길점 2층 일부 신길동),매우우수
581,테그42 부천옥길점,경기도 부천시 옥길로 110-11(O&S골드타워 1층 117호 옥길동),매우우수
582,코레일유통(주) 카페스토리웨이(Cafe StoryWay),경기도 부천시 역곡로 1(2층 역곡동),매우우수
583,파리바게트성산시영점,"서울특별시 마포구 월드컵북로 218(성산동, 1층)",매우우수
584,파파존스 피자 성수점,서울특별시 성동구 왕십리로 114(2층 202호 성수동1가),매우우수
585,아비꼬 롯데아울렛고양점,경기도 고양시 덕양구 권율대로 420(이케아 고양점 P1층 일부호 도내동),매우우수
586,베스킨라빈스31,"전라남도 광양시 항만11로 70(중동,홈플러스광양점내2층중1층)",매우우수
587,던킨 대전관평점,대전광역시 유성구 테크노중앙로 50(1층 B103호 관평동),매우우수
588,전통황실양고기,충청북도 청주시 서원구 2순환로 1618(2층 미평동),좋음
589,배스킨라빈스(일산킨텍스점),"경기도 고양시 일산서구 호수로 817(대화동,레이킨스몰 홈플러스 지하1층일부)",매우우수
590,60계망원점,"서울특별시 마포구 희우정로 77(상가동 지하1층 111호 망원동, 마포한강아이파크)",매우우수
591,빽다방 행당무학점,서울특별시 성동구 행당로 121(1층 행당동),매우우수
592,호식이두마리치킨(예산점),충청남도 예산군 예산읍 역전로 133,매우우수
593,60계치킨경기연천전곡점,경기도 연천군 전곡읍 전곡로144번길 5(1층),매우우수
594,롯데푸드(주)파스퇴르밀크바구리점,"경기도 구리시 경춘로 지하 261(인창동, 롯데백화점 구리점 지하1층)",매우우수
595,배스킨라빈스 광양창덕점,전라남도 광양시 광양읍 용강로 29(2층중 1층 일부),매우우수
596,파리바게뜨예산산성점,충청남도 예산군 예산읍 역전로 137,우수
597,60계 치킨 미평점,"전라남도 여수시 만성로 75-1(미평동, 1층)",매우우수
598,투썸플레이스청주방서메디컬타워점,충청북도 청주시 상당구 2순환로2031번길 6-20(1층 107-110호 방서동),매우우수
599,닭장수 후라이드 신금호점,서울특별시 성동구 금호산길 66-1(1층 101호 금호동2가),우수
600,팀 베리,"경기도 구리시 경춘로 261(인창동, 롯데쇼핑 지하1층)",매우우수
601,더벤티동두천지행역점,경기도 동두천시 동두천로 119(지행역프라자 1층 102호 지행동),매우우수
602,던킨도너츠 광양읍점,전라남도 광양시 광양읍 희양현로 55,매우우수
603,푸라닭충남예산점,충청남도 예산군 예산읍 역전로140번길 24,우수
604,이디야 송강점,대전광역시 유성구 구즉로 65(지상1층 송강동),매우우수
605,교촌치킨,충청북도 청주시 서원구 청남로 1992(1층 분평동),매우우수
606,호식이 두마리 치킨(옥수점),서울특별시 성동구 한림말길 31(상가동 1층 110호 옥수동),매우우수
607,호식이두마리치킨 공덕점,"서울특별시 마포구 만리재로 74(상가2동 1층 113호 신공덕동, 신공덕2차삼성래미안)",좋음
608,상무초밥여수점,전라남도 여수시 망마로 63(신기동),매우우수
609,60계 고양벽제점,"경기도 고양시 덕양구 푸른마을로 6(112호 고양동, 고양e-Plaza)",매우우수
610,초록면옥,"경기도 구리시 경춘로 261(인창동, 롯데백화점 8층)",우수
611,아메리칸에그샌드,경기도 용인시 기흥구 신고매로 124(롯데프리미엄아울렛 기흥점 주건축물 제1동 지하1층 일부호 고매동),매우우수
612,덮덮,울산광역시 중구 중앙길 185(2층 옥교동),매우우수
613,파리바게뜨 일광해빛로점,부산광역시 기장군 일광면 해빛1로 74(107호),매우우수
614,60계동인천역북부점,인천광역시 동구 솔빛로 4(1층 송현동),매우우수
615,우리제면소,경기도 용인시 기흥구 신고매로 124(롯데프리미엄아울렛 기흥점 주건축물 제1동 지하1층 일부호 고매동),매우우수
616,60계치킨울산신정옥동점,"울산광역시 남구 동산로69번길 14(101호 신정동, 문수로2차아이파크2단지)",좋음
617,제천인두꺼비식당,경기도 용인시 기흥구 신고매로 124(롯데프리미엄아울렛기흥점 주건축물제1동 지하1층 일부호 고매동),매우우수
618,피자헛 부산기장점,"부산광역시 기장군 일광면 해빛1로 5(104호,105일부호)",매우우수
619,처갓집양념치킨 반구점,울산광역시 중구 화합로 399(1층 반구동),매우우수
620,손군부대찌개 송림점,인천광역시 동구 송림로 82(1층 송림동),우수
621,삼삼떡볶이평촌점,경기도 안양시 동안구 평촌대로 132(제일빌딩 1층 103호 평촌동),좋음
622,페리카나 치킨,"인천광역시 연수구 원인재로 315(연수동,1동 연수택지개발 13BL 주공상가103지상1)",우수
623,교촌치킨,"인천광역시 부평구 백범로468번길 7-2(십정동,씨티빌딩 1층)",매우우수
624,BHC내서중리점,경상남도 창원시 마산회원구 내서읍 죽암로 37-1(지하1층),매우우수
625,더벤티 기장교리점,부산광역시 기장군 기장읍 차성로 430(1층),매우우수
626,이디야커피,"울산광역시 남구 대공원로 241(지상1층 102호,103호호 신정동)",매우우수
627,더벤티태화시장점,울산광역시 중구 평동길 4(1층 우정동),매우우수
628,호식이두마리치킨 영종하늘도시점,인천광역시 중구 월촌길 76(1층 105호 중산동),매우우수
629,홍종흔베이커리 기흥롯데아울렛점,경기도 용인시 기흥구 신고매로 124(롯데프리미엄아울렛 기흥점 주건축물 제1동 지하1층 일부호 고매동),매우우수
630,경양카츠 부평점,"인천광역시 부평구 부평문화로80번길 12(부평동,1층)",매우우수
631,롯데컬처웍스(주)롯데시네마 인천아시아드 스위트샵,인천광역시 서구 봉수대로 806(인천아시아드주경기장 연희동),매우우수
632,BHC치킨(경대점),"경상남도 창원시 마산합포구 월영북15길 34(홍문동,지상1층)",우수
633,파리바게뜨,"인천광역시 연수구 원인재로 81(동춘동,럭키삼성아상가 105호,117호지상1층)",매우우수
634,아프리카,경기도 용인시 기흥구 신고매로 124(롯데프리미엄아울렛 기흥점 주건축물 제1동 지하1층 일부호 고매동),매우우수
635,파리바게뜨,울산광역시 남구 문수로335번길 8(1층 옥동),매우우수
636,배스킨라빈스 영종스카이점,"인천광역시 중구 하늘달빛로 82(해송스카이 1층 103,104호 중산동)",매우우수
637,이디야 청운대점,"인천광역시 미추홀구 숙골로112번길 2(드림프라자 107,108호 도화동)",매우우수
638,비에이치씨태화점,울산광역시 중구 태화로 150(1층 태화동),매우우수
639,달토끼의 떡볶이흡입구역 부평청천점,인천광역시 부평구 마장로 412(1층 102호 청천동),매우우수
640,60계치킨 인천서구청점,인천광역시 서구 승학로236번길 28(심곡동),매우우수
641,롯데리아서재점,대구광역시 달성군 다사읍 서재본길 4-1(1층),좋음
642,엔제리너스광명철산점,"경기도 광명시 오리로 870(철산동, 외1필지 1층)",매우우수
643,목우촌웰빙마을,"충청북도 청주시 흥덕구 월명로188번길 36(봉명동,1층)",우수
644,파리바게뜨개신점,"충청북도 청주시 서원구 모충로12번길 9-13(1층 1-3,1-4호 개신동, 한사랑아파트)",매우우수
645,비비큐치킨옥계사랑점,"경상북도 구미시 옥계북로 59(상가동 104호 옥계동, 현진에버빌엠파이어아파트)",매우우수
646,푸라닭 청주충북대점,충청북도 청주시 서원구 1순환로 688(주성빌딩 1층 사창동),매우우수
647,교촌치킨인동점,"경상북도 구미시 여헌로 98-1(인의동,2층)",매우우수
648,먹대장,인천광역시 남동구 문화서로 41(1층 구월동),우수
649,대보유통(서울)추풍령(서울)휴게소한식/양식,경상북도 김천시 봉산면 경부고속도로 214-1,매우우수
650,"대보유통(주)추풍령(서울)휴게소라면,우동/칼국수",경상북도 김천시 봉산면 경부고속도로 214-1(추풍령휴게소 서울방향 1층),매우우수
651,화서(상주방향)휴게소 두촌가마솥밥,경상북도 상주시 화서면 터골길 51-25,매우우수
652,트리핀,충청남도 아산시 배방읍 희망로 100(외 126필지 천안아산역1),우수
653,추풍령(서울)휴게소할리스,경상북도 김천시 봉산면 경부고속도로 214-1,매우우수
654,롯데리아영등포역사점,서울특별시 영등포구 경인로 846(3층 영등포동),매우우수
655,화서(상주방향)휴게소 미도어묵,경상북도 상주시 화서면 터골길 51-25,매우우수
656,던킨도너츠동군산병원점,전라북도 군산시 조촌로 149(조촌동),매우우수
657,센텀시티삼성홈플러스배스킨라빈스,"부산광역시 해운대구 센텀동로 6(우동, 홈플러스센텀시티점1층)",매우우수
658,한국맥도날드(유)대전부사디티점,대전광역시 중구 충무로 139(1~2층 부사동),매우우수
659,파리바게뜨전주남도점,전라북도 전주시 덕진구 기린대로 400(남도빌딩 1층 일부호 금암동),매우우수
660,대보유통(주)추풍령(서울)휴게소빅찹핫도그,경상북도 김천시 봉산면 경부고속도로 214-1(추풍령휴게소 서울방향 1층),매우우수
661,뚜쥬루과자점갤러리아센터시티,"충청남도 천안시 서북구 공원로 227(지하1층 불당동, 갤러리아백화점)",매우우수
662,크리스피크림도넛 인천구월점,"인천광역시 남동구 예술로 138(이토타워 1층 107호,108호,109호 구월동)",매우우수
663,화서(상주방향)휴게소(분식),경상북도 상주시 화서면 터골길 51-25,매우우수
664,던킨도너츠,전라북도 군산시 궁포1로 24-9(엔비빌딩 108호 조촌동),매우우수
665,호식이두마리치킨 노은점,대전광역시 유성구 노은동로79번길 58(노은동),매우우수
666,대보유통(주)추풍령(서울)간식코너,경상북도 김천시 봉산면 경부고속도로 214-1(1층),매우우수
667,오규당 신세계센텀점,부산광역시 해운대구 센텀남대로 35(신세계백화점센텀시티점 지하1층 우동),매우우수
668,미미(美味)수제돈카츠,"인천광역시 남동구 남동대로799번길 34(D동 3층 310호 구월동, 신영구월지웰시티푸르지오)",우수
669,안젤로피자파스타,충청남도 천안시 서북구 공원로 227(갤러리아 지하1층 불당동),매우우수
670,교촌치킨,"서울특별시 영등포구 선유로 62(대준빌딩 1,2층 문래동3가)",좋음
671,화서(상주방향)휴게소(한.양식),경상북도 상주시 화서면 터골길 51-25,매우우수
672,소미미단팥빵,경상북도 상주시 화서면 터골길 51-25,매우우수
673,선미당꽈배기,경상북도 김천시 봉산면 경부고속도로 214-1,매우우수
674,굽네치킨대전원내점,대전광역시 유성구 진잠로78번길 63(지상1층 원내동),매우우수
675,그린파이브 센텀시티점,부산광역시 해운대구 센텀남대로 35(신세계백화점센텀시티점 지하1층 일부호 우동),매우우수
676,육첩반상갤러리아센터시티점,충청남도 천안시 서북구 공원로 227(지하1층 불당동),매우우수
677,네네치킨조촌점,전라북도 군산시 조촌안5길 71(조촌동),매우우수
678,달보드레,충청남도 서산시 효행6길 19(서산지역자활센터 1층 동문동),우수
679,수준이다른치킨 익산센터점,전라북도 익산시 익산대로52길 10(남중동),좋음
680,순살만 공격 익산센터점,전라북도 익산시 익산대로52길 10(1층 남중동),좋음
681,떡볶이참잘하는집 떡참 익산신동점,"전라북도 익산시 동서로5길 75(신동,1층)",매우우수
682,호식이두마리치킨 순천오천점,전라남도 순천시 우석로 80(1층 덕월동),좋음
683,던킨도너츠 순천터미널점,전라남도 순천시 장천3길 13(1층 장천동),매우우수
684,BHC영광점,전라남도 영광군 영광읍 옥당로 98(1층 102호),좋음
685,던킨도너츠 전남영광점,전라남도 영광군 영광읍 중앙로 177-3,매우우수
686,던킨도너츠왕지점,"전라남도 순천시 백연길 96(조례동,1층)",매우우수
687,태풍물회,"대구광역시 달서구 조암로 48(원더풀스파랜드 2층 201,202호 월성동)",좋음
688,이디야커피용봉비엔날레점,광주광역시 북구 비엔날레로 101(1층 용봉동),매우우수
689,푸라닭 의정부송산3동점,경기도 의정부시 용민로 473(폴리프라자Ⅰ 지상1층 107호 민락동),매우우수
690,GS25 의정호국점,경기도 의정부시 태평로108번길 19(지상1층 의정부동),우수
691,이디야,"경기도 의정부시 시민로 81(의정부동,서부타워 101호)",매우우수
692,류이젠,경기도 구리시 경춘로 261(롯데백화점 구리점 지층 인창동),매우우수
693,강다짐대전노은점,대전광역시 유성구 노은로 154(노은프라자 지상1층 105호 지족동),매우우수
694,도담샌드,경기도 구리시 경춘로 261(롯데백화점 구리점 지하1층 인창동),매우우수
695,시키사이,"경기도 구리시 경춘로 261(지층 인창동, 롯데백화점 지하1층)",우수
696,강쥐네달콤한삼겹살,강원도 홍천군 홍천읍 갈마로7길 28,매우우수
697,네네치킨연향점,"전라남도 순천시 연향1로 16-1(연향동,1층)",매우우수
698,보물밥상,전라북도 완주군 삼례읍 삼례나들목로 338-33(삼례중학교 4호),매우우수
699,한국맥도날드(유) 성균관대점,서울특별시 종로구 창경궁로 241-1(지하1~지상3층 명륜2가),매우우수
700,처갓집양념치킨 타임월드점,"대전광역시 서구 갈마역로 22(1층 103,104호 둔산동)",매우우수
701,본도시락광주첨단점,광주광역시 광산구 앰코로 35(폭스존 1층 104호 쌍암동),우수
702,파리바게뜨순천대점,전라남도 순천시 중앙로 226(1층 매곡동),우수
703,유정카츠,전라북도 완주군 삼례읍 삼례나들목로 338-33(삼례중학교 3호),매우우수
704,BHC치킨 금호선호점,"광주광역시 서구 금부로95번길 14(쌍촌동,일층)",좋음
705,교촌치킨석림점,충청남도 서산시 호수공원9로 56(매화빌 1층 예천동),매우우수
706,이디야커피(신대방삼거리점),서울특별시 동작구 상도로 78(1층 대방동),매우우수
707,커피앳웍스 이마빌딩광화문점,서울특별시 종로구 종로1길 42(이마빌딩 1층 수송동),매우우수
708,푸라닭 백운점,광주광역시 남구 중앙로 69(1층 서동),매우우수
709,호식이두마리치킨 백운점,광주광역시 남구 중앙로 51(1층 서동),매우우수
710,밥꽃피다,전라북도 완주군 삼례읍 삼례나들목로 338-33(삼례중학교 2호),매우우수
711,벌크커피 풍암점,광주광역시 서구 풍암중앙로 41(1층 풍암동),매우우수
712,투썸플레이스광주첨단쌍암점,"광주광역시 광산구 임방울대로826번길 25(1층 105,106,107호 쌍암동)",매우우수
713,BHC(비에이치씨)치킨,전라북도 장수군 장수읍 구시장길 6-18,우수
714,파리바게뜨 연향점,"전라남도 순천시 연향중앙상가길 80(연향동,현대아파트상가 107호,108호1층)",좋음
715,비에이치씨치킨 동문점,충청남도 서산시 율지11로 16(1층 동문동),매우우수
716,수유리혼밥왕 여수여서문수점,전라남도 여수시 여서1로 72-1(여서동),매우우수
717,한국피자헛 창신점,서울특별시 종로구 지봉로 70-2(애니카랜드 1층 숭인동),우수
718,던킨도너츠 광주상무병원점,광주광역시 서구 운천로 225(지하1층 치평동),매우우수
719,롤링파스타첨단점,광주광역시 광산구 첨단중앙로 110(2층 206호 월계동),우수
720,덮고식당,전라북도 완주군 삼례읍 삼례나들목로 338-33(삼례중학교 1호),매우우수
721,스윗드오,서울특별시 동작구 노량진로 10(여성가족복합시설 스페이스살림 먹거리매장B2층 5호 대방동),매우우수
722,더 키친 일 뽀르노(The Kitchen IL Forno) 광화문점,"서울특별시 종로구 율곡로2길 7(수송동,서머셋팰리스 서울 지상 1층 102호)",매우우수
723,교촌치킨용당서면점,전라남도 순천시 삼산로 112(1층 용당동),매우우수
724,bhc(비에이치씨),전라북도 완주군 이서면 반교로 99(303호),좋음
725,백미당갤러리아천안센터시티점,충청남도 천안시 서북구 공원로 227(갤러리아 센터시티 8층 불당동),매우우수
726,교촌치킨태백1호점,강원도 태백시 황지로 13-1(황지동),매우우수
727,BHC 남산타운점,"서울특별시 중구 다산로 32(5동 1층 114-2호 신당동, 남산타운)",매우우수
728,파리바게트(태백중앙점),강원도 태백시 황지로 155(황지동),매우우수
729,스타벅스 무교로점,서울특별시 중구 무교로 15(1층 무교동),매우우수
730,동경스시,충청남도 천안시 서북구 공원로 227(지하1층 불당동),매우우수
731,남파고택 롯데백화점 명동점,서울특별시 중구 남대문로 81(13층 소공동),매우우수
732,비에이치씨(BHC)치킨태백황지점,강원도 태백시 태붐로 20(2층 황지동),매우우수
733,치킨플러스 대화점,경기도 고양시 일산서구 대산로226번길 30(1층일부호 대화동),매우우수
734,선향정샤브샤브,"충청남도 천안시 서북구 공원로 227(지하1층 불당동, 갤러리아백화점)",매우우수
735,Nook Restaurant,"서울특별시 중구 남대문로 56(명동2가, 지하1층)",매우우수
736,보문정,경상북도 안동시 풍천면 천년숲서로 15(1층 111호),매우우수
737,블루문,충청남도 천안시 서북구 공원로 227(지하1층 불당동),매우우수
738,베스킨라빈스행신서정점,"경기도 고양시 덕양구 중앙로 438(행신동, 아름터프라자 103호)",매우우수
739,60계치킨삼척점,강원도 삼척시 하실길 36(102호 교동),매우우수
740,W xyz bar,서울특별시 중구 남대문로 56(2층 명동2가),매우우수
741,이디야 길음뉴타운점,"서울특별시 성북구 길음로 74(상가동 1층 102,103호 길음동, 길음뉴타운)",매우우수
742,파파존스피자 개봉점,서울특별시 구로구 경인로 315(2층 개봉동),매우우수
743,보f,대구광역시 서구 북비산로 360(1층 비산동),좋음
744,파리바게뜨 개봉역점,서울특별시 구로구 개봉로20길 66(1층 개봉동),우수
745,비알코리아(주)던킨도너츠 한성대역사점,서울특별시 성북구 삼선교로 지하 1(삼선동1가),매우우수
746,60계치킨 발산등촌점,서울특별시 강서구 마곡동로3길 26(랑데르2 1층 107호 마곡동),좋음
747,60계 남산대봉점,"대구광역시 중구 대봉로 215(대봉동, 지상1층)",우수
748,갱스터피자,대구광역시 달서구 감삼남4길 26(주건축물제1동 1층 감삼동),우수
749,더벤티 월곡사거리점,서울특별시 성북구 월계로 46(1층 하월곡동),매우우수
750,엔제리너스 김포공항역사점,서울특별시 강서구 하늘길 지하 77(김포공항역 지하2층 512-205호 방화동),매우우수
751,배스킨라빈스(개봉중앙점),"서울특별시 구로구 개봉로 59(개봉동, 동남상가 1층 115,116호)",매우우수
752,60계칠곡북삼점,경상북도 칠곡군 북삼읍 북삼로 148(1층),우수
753,버거킹 경대병원역SK,"대구광역시 중구 달구벌대로 2194(대봉동, 지상1,2층)",매우우수
754,피자몰엔씨전주점,전라북도 전주시 완산구 전주객사5길 35(고사동),좋음
755,코레일유통(주)트리핀,"서울특별시 영등포구 경인로 862(영등포동,외11필지 영등포민자역사에이동 비호 영등포역 지상3층 국철맞이방내)",매우우수
756,폴 바셋 롯데몰수원점,"경기도 수원시 권선구 세화로 134(서둔동, 롯데몰수원점2층)",매우우수
757,60계치킨목감점,"경기도 시흥시 목감남서로 92-30(402동 지하2층 1호 산현동, 목감레이크 푸르지오)",매우우수
758,베스킨라빈스,부산광역시 사상구 가야대로 362(주례동),매우우수
759,푸라닭 부개2동점,인천광역시 부평구 부흥로 414(모아빌딩 1층 103호 부개동),매우우수
760,이디야커피 내발산점,"서울특별시 강서구 강서로 304(영종빌딩 1층 1,2,3호 내발산동)",매우우수
761,폴바셋영등포타임스퀘어점,서울특별시 영등포구 영중로 15(타임스퀘어 2층 교보문고 내 영등포동4가),매우우수
762,굽네치킨 수원역점,경기도 수원시 팔달구 매산로52번길 8-1(1층 매산로2가),매우우수
763,배스킨라빈스31,인천광역시 서구 원당대로 660-1(1층 당하동),매우우수
764,푸라닭광명소하점,경기도 광명시 하안로 108(에이스 광명타워 1층 115호 소하동),매우우수
765,던킨 괴정점,"부산광역시 사하구 사하로 189(상가동 110호 괴정동, 괴정어반푸르지오)",매우우수
766,도미노피자 세종다정점,"세종특별자치시 한누리대로 331(103~104호 나성동, SR파크센텀)",매우우수
767,이디야커피,부산광역시 동구 중앙대로274번길 7-3(초량동),우수
768,롯데리아 김포마산점,"경기도 김포시 김포한강8로148번길 5(유송타워 101, 102호 마산동)",매우우수
769,교촌치킨인계점,경기도 수원시 팔달구 인계로166번길 51(1층 인계동),우수
770,롯데컬처웍스(주)롯데시네마부평역사,"인천광역시 부평구 광장로 16(부평동,부평민자역사 본건물 7층)",매우우수
771,BHC 시흥 신천점,"경기도 시흥시 수인로3312번길 16(T동 지3층 T126호 대야동, 시흥 센트럴 푸르지오)",매우우수
772,원할머니보쌈(송림점),인천광역시 동구 샛골로210번길 9(1층 106호 송림동),좋음
773,폴 바셋 신세계백화점 타임스퀘어점,서울특별시 영등포구 영중로 15(신세계백화점타임스퀘어점 지하1층 영등포동4가),매우우수
774,동아대병원푸드코트점,부산광역시 서구 대신공원로 32(동아대학교병원 중정의료동 지하2층 동대신동3가),매우우수
775,버거킹 충남대병원DT점,"세종특별자치시 보듬5로 6(타이어뱅크세종청사점 주1동 1,2층 도담동)",좋음
776,이디야 수원아주대점,경기도 수원시 영통구 월드컵로 191(동문빌딩 1층 원천동),매우우수
777,60계치킨 인천청라지점,인천광역시 서구 청라루비로42번길 6-12(103호 경서동),매우우수
778,롯데컬처웍스(주) 롯데시네마 부평 스위트샵 6층,"인천광역시 부평구 대정로 66(629 호 일부 호 부평동, 다운타운 ELEVEN빌딩)",매우우수
779,신대청마루,"인천광역시 동구 방축로 105(송림동,산업용품유통센타 편익 C동 지하 21호)",좋음
780,코레일유통(주)카페스토리웨이,서울특별시 영등포구 국회대로 612(1층 당산동3가),매우우수
781,면앤면추억의가락국수,"경기도 광명시 광명역로 21(1층 일직동, 고속철도광명역 동편맞이방)",매우우수
782,롯데마트(주)시흥점조리식품,경기도 시흥시 비둘기공원로 28(2층 대야동),매우우수
783,브레댄코 율리점,울산광역시 울주군 청량읍 율리영해2길 24(1층),매우우수
784,크로앙쥬 안산고잔점,경기도 안산시 단원구 광덕대로 174(월드타운 106호 고잔동),매우우수
785,타요키즈카페 롯데백화점 중동점,"경기도 부천시 길주로 300(중동, 롯데백화점 8층 일부)",매우우수
786,진지아 갤러리아광교,경기도 수원시 영통구 광교중앙로 124(갤러리아 광교 9층 하동),매우우수
787,마이디주스 갤러리아광교,경기도 수원시 영통구 광교중앙로 124(갤러리아 광교 7층 하동),매우우수
788,60계치킨군포송정지구점,경기도 군포시 송부로34번길 23(1층 도마교동),우수
789,그리니쉬 가드닝카페,경기도 부천시 길주로 300(롯데백화점 8층 일부호 중동),매우우수
790,동대문불닭발땡초엽기떡볶이(안산와동점),"경기도 안산시 단원구 보화로 24(고잔동, 615)",매우우수
791,공차 롯데중동점,경기도 부천시 길주로 300(롯데백화점중동점 지하1층일부 중동),매우우수
792,진순자김밥,인천광역시 연수구 송도국제대로 123(현대프리미엄 아울렛 송도점 지하1층 일부호 송도동),매우우수
793,카페꼼마 갤러리아 광교,경기도 수원시 영통구 광교중앙로 124(갤러리아 광교 8층 하동),매우우수
794,60계 대부도점,경기도 안산시 단원구 대부황금로 1487(1층 대부북동),매우우수
795,광복수제비,경기도 부천시 길주로 300(롯데백화점 중동점 지하1층일부 중동),매우우수
796,이디야 송도아트포레점,"인천광역시 연수구 인천타워대로 257(아트포레 A동 119,122호 송도동)",매우우수
797,더벤티 과천위버필드점,경기도 과천시 별양상가2로 35(1층 105호 별양동),우수
798,파리바게뜨 대구세천점,"대구광역시 달성군 다사읍 세천로 161(105호, 106B호 프라임시티)",매우우수
799,리저브9(reverve9),"인천광역시 연수구 인천타워대로 257(아트포레 C동 C-201,202호 송도동)",매우우수
800,BHC부산만덕점,부산광역시 북구 만덕3로57번길 6(1층 만덕동),매우우수
801,배스킨라빈스 정관점,부산광역시 기장군 정관읍 정관2로 9(214동 B202일부호 이지더원2차),매우우수
802,투썸플레이스 장유율하원메이저,"경상남도 김해시 율하임수길 5(1층, 2층 일부 장유동)",매우우수
803,멕시카나치킨 이도점,"강원도 동해시 동해대로 4833(120동 108호 이도동, 동해 코아루 더 스카이)",우수
804,카페스토리웨이 동대구역사점,"대구광역시 동구 동대구로 550(4층 신암동, 동대구역 동대구역사)",우수
805,더벤티 기흥더샵점,"경기도 용인시 기흥구 기흥역로58번길 78(O동 1층 111호 구갈동, 기흥역 더샵)",매우우수
806,KFC이천터미널,경기도 이천시 중리천로 84(1층 중리동),매우우수
807,피자헛진주혁신점,"경상남도 진주시 에나로 142(솔레어빌딩 주1동 1층 106호,107호 충무공동)",매우우수
808,버거킹평택서정점,경기도 평택시 경기대로 1371(서정동),매우우수
809,크리스피크림도넛 창원중앙역점,"경상남도 창원시 의창구 상남로 381(용동,지상1층)",매우우수
810,역전우동0410(정자역점),경기도 성남시 분당구 성남대로331번길 7(정자스타빌딩 1층 102호 정자동),우수
811,엔제리너스롯데마트광교점,"경기도 수원시 영통구 센트럴타운로 85(지하1층 이의동, 롯데마트)",매우우수
812,소담한식고기간,경기도 오산시 원동로 6(파크스퀘어 143호 원동),좋음
813,두레,경기도 수원시 영통구 광교중앙로 124(갤러리아 광교 B1층 하동),매우우수
814,한국맥도날드유한회사만덕점,부산광역시 북구 덕천로 179(만덕동),매우우수
815,투썸플레이스(A TWOSOME PLACE),"대구광역시 동구 동대구로 550(신암동,외 18필지 동대구역 동대구역사)",매우우수
816,푸라닭 김해주촌점,경상남도 김해시 주촌면 천곡로15번길 20(1층),매우우수
817,파리바게뜨 정관중앙점,"부산광역시 기장군 정관읍 정관로 581(성원프라자 102호,103호)",매우우수
818,투썸플레이스 창원사림현대점,"경상남도 창원시 의창구 용동로 45(현대썬앤빌더스퀘어 2층 F동 204호, G동 201호 사림동)",매우우수
819,이디야커피주약동점,"경상남도 진주시 진주대로815번길 14(주약동, 1층)",매우우수
820,60계용인동백점,"경기도 용인시 기흥구 동백5로 21-8(동백 지스타 1층 119,120호 중동)",매우우수
821,푸라닭 이천중리점,경기도 이천시 이섭대천로 1185(남선희산부인과 1층 102호 중리동),매우우수
822,버거킹평택죽백DT점,경기도 평택시 만세로 1709(1층 죽백동),우수
823,피자스쿨(봉담점),경기도 화성시 봉담읍 동화길 91(1층 108호 웅신프라자),매우우수
824,빵위에치즈중동점,경기도 부천시 상일로 140(상동 대우마이빌 116호 상동),매우우수
825,교촌치킨청운점,강원도 동해시 청운로 73(1층 쇄운동),매우우수
826,튜나비,경기도 수원시 권선구 세권로 182(1층 권선동),매우우수
827,가마치통닭 대송점,울산광역시 동구 대송8길 27(지상1층 화정동),매우우수
828,60계 포항흥해초곡점,경상북도 포항시 북구 흥해읍 초곡지구로58번길 24-6(1층),매우우수
829,페스틴 카페테리아 갤러리아광교,경기도 수원시 영통구 광교중앙로 124(갤러리아 광교 4층 하동),매우우수
830,스타벅스오리역삼거리,"경기도 성남시 분당구 성남대로 45(구미동, 1층 일부)",매우우수
831,찬이네 주먹고기,경기도 수원시 장안구 대평로90번길 19(108호 정자동),매우우수
832,찬합 갤러리아광교,경기도 수원시 영통구 광교중앙로 124(갤러리아 광교 지하1층 하동),매우우수
833,카페 하든,"울산광역시 울주군 서생면 진하7길 34(1, 2층)",매우우수
834,지에스25천곡원룸,"강원도 동해시 감추4길 11(1층 천곡동, 장화원룸)",매우우수
835,bhc 해운대장산점,부산광역시 해운대구 세실로27번길 13(선린빌딩 1층 101일부호 좌동),매우우수
836,배스킨라빈스연제이마트점,부산광역시 연제구 연수로 89(연산동),매우우수
837,동해물과 아구찜(연수점),인천광역시 연수구 청능대로55번길 15(1층 일부호 청학동),매우우수
838,헬로스위트(HELLO SWEET),대구광역시 동구 동대구로 550(신암동),매우우수
839,60계치킨하대초전점,경상남도 진주시 하대로 89(1층  하대동),매우우수
840,미친피자 부천점,"경기도 부천시 부흥로303번길 50(중동, 한양프라자 109호)",좋음
841,60계 수원세류점,경기도 수원시 권선구 세지로 65(세류동),매우우수
842,60계 울산화정점,울산광역시 동구 화진8길 48(1층 102호 화정동),매우우수
843,교촌치킨평택소사벌점,"경기도 평택시 만세로 1845(엘도라도 시티 1층 104,105호 비전동)",매우우수
844,교촌치킨 주촌점,경상남도 김해시 주촌면 천곡로 159(1층),매우우수
845,교촌치킨(매탄2호점),경기도 수원시 영통구 매영로 53(매탄동),매우우수
846,베러먼데이 구포역점,"부산광역시 북구 구포만세길 82(2층 구포동, 구포역내)",매우우수
847,교촌치킨 정관1호점,"부산광역시 기장군 정관읍 구연로 22(103,104,105호)",매우우수
848,교촌치킨 향남2지구점,"경기도 화성시 향남읍 상신하길로328번길 8-13(1층 112,113호)",매우우수
849,참치정육점,경기도 오산시 운천로 51(1층 102호 원동),매우우수
850,만두공방 갤러리아광교,경기도 수원시 영통구 광교중앙로 124(갤러리아 광교 지하1층 하동),매우우수
851,교촌치킨 양덕점,경상북도 포항시 북구 천마로72번길 30(1층 양덕동),매우우수
852,롯데리아울산온산점,울산광역시 울주군 온산읍 덕남로 5(1층),우수
853,더벤티 봉곡점,경상남도 창원시 의창구 봉곡로123번길 8(1층 봉곡동),좋음
854,비에이치씨,부산광역시 부산진구 가야대로 515(1층 가야동),매우우수
855,이디야커피동대구역사점,"대구광역시 동구 동대구로 550(3층 신암동, 동대구역)",우수
856,투썸플레이스(경상대점),"경상남도 진주시 진주대로 504(가좌동, 1층일부,2층)",매우우수
857,교촌치킨상봉중앙점,"경상남도 진주시 촉석로 171-1(중안동, 1층일부)",매우우수
858,교촌치킨(방어점),울산광역시 동구 꽃바위로 265(방어동),매우우수
859,크리스피크림 김해봉황점,"경상남도 김해시 김해대로 2258(1,2층 전하동)",매우우수
860,이디야 인천연수점,"인천광역시 연수구 먼우금로 299(상가동 101,120호 연수동, 태경아파트)",매우우수
861,이디야커피(언양읍성점),울산광역시 울주군 언양읍 읍성로 119(3동),매우우수
862,교촌치킨 정관2호점,부산광역시 기장군 정관읍 모전3길 2(1층),매우우수
863,아웃백스테이크하우스 경기신세계점,경기도 용인시 수지구 포은대로 536(주신세계백화점경기점 7층 일부호 죽전동),매우우수
864,피자파시오네,경기도 오산시 성호대로 38-1(102호 오산동),매우우수
865,칠형제곰치국,강원도 동해시 일출로 131-1(2층 묵호진동),매우우수
866,교촌치킨 영통2호점,"경기도 수원시 영통구 영통로501번길 28-1(영통동,1층)",매우우수
867,굽네치킨 부산수영점,"부산광역시 수영구 수영로741번길 46(218동 104호 수영동, 수영협성르네상스타운)",매우우수
868,비에이치씨 송산점,경기도 화성시 송산면 사강시장길43번길 24(1층 일부),매우우수
869,60계치킨포항두호우창점,경상북도 포항시 북구 대곡로43번길 7-9(1층 두호동),우수
870,(유)아웃백스테이크하우스코리아평택점,"경기도 평택시 평택로 51(지하1층 평택동, AK플라자)",매우우수
871,스타벅스 야탑역사거리점,경기도 성남시 분당구 야탑로 102(뉴젠빌원룸텔 1층 101호 야탑동),매우우수
872,중화가정 갤러리아광교,경기도 수원시 영통구 광교중앙로 124(갤러리아 광교 지하1층 하동),매우우수
873,수누리감자탕 망포점,"경기도 수원시 영통구 태장로 83(엘지프라자 2층 201,202호 망포동)",우수
874,스타벅스 더양평DTR점,경기도 양평군 양평읍 양근로 76(1~3층),매우우수
875,스타벅스 춘의역DT점,"경기도 부천시 길주로 386(1~3층, 스타벅스 춘의역 DT 춘의동)",매우우수
876,카페 다온,울산광역시 울주군 온산읍 신온8길 42(1층),우수
877,롯데컬처웍스(주)롯데시네마 은평 스위트샵(5층),"서울특별시 은평구 통일로 1050(진관동, 롯데몰 은평점 5층)",매우우수
878,푸라닭 진관점,"서울특별시 은평구 진관3로 33(122호 진관동, 은평뉴타운 꿈에그린)",매우우수
879,60계 서울 대학동점,서울특별시 관악구 호암로26길 52(1층 신림동),매우우수
880,던킨도너츠 연신내역점,서울특별시 은평구 연서로 222(유니온빌딩 1층 대조동),매우우수
881,피자스쿨(난곡점),"서울특별시 관악구 난곡로 203(신림동,지상1층)",좋음
882,엔제리너스 구로디지털역점,서울특별시 관악구 시흥대로 572(1층 신림동),매우우수
883,교촌치킨대조점,서울특별시 은평구 서오릉로 94(101동 101호 대조동),매우우수
884,60계 치킨 세종아름점,세종특별자치시 보듬3로 91(해피라움4 1층 120호 아름동),매우우수
885,이디야커피포천신읍점,경기도 포천시 중앙로 134(1층 신읍동),우수
886,멕시카나금산점,충청남도 금산군 금산읍 상리 175-28 앤이시티 106호,좋음
887,이디야 대평동점,"세종특별자치시 시청대로 35(시드니힐 1층 108,109호 대평동)",매우우수
888,60계치킨경기포천송우리점,경기도 포천시 소흘읍 태봉로166번길 13,매우우수
889,디큐롯데아울렛기흥점,경기도 용인시 기흥구 신고매로 124(롯데프리미엄아울렛기흥점 주건축물제1동 1층일부 고매동),매우우수
890,60계치킨신천점,서울특별시 송파구 백제고분로7길 28-16(지상1층 잠실동),매우우수
891,던킨도너츠 남양주별내점,경기도 남양주시 별내중앙로 26(진영N타워1 101호 별내동),매우우수
892,교촌치킨 용강점,서울특별시 마포구 토정로31길 67(창희빌딩 1층 101호 대흥동),매우우수
893,푸라닭후평점,강원도 춘천시 보안길 77(1층 103호 후평동),우수
894,bhc 별내스타점,경기도 남양주시 송산로 153(113호 별내동),매우우수
895,파리바게뜨전주만성점,"전라북도 전주시 덕진구 만성중앙로 45(센터프라자 104, 105호 만성동)",매우우수
896,앤티앤스 프레즐,"경기도 파주시 청암로17번길 17(목동동, 파주운정F3-8복합시설, 지1층 일부)",매우우수
897,롤링파스타춘천명동점,강원도 춘천시 명동길 2-1(2층 중앙로2가),매우우수
898,코레일유통(주) 배스킨라빈스 개봉역사점,"서울특별시 구로구 경인로40길 47(개봉동, 개봉역구내)",매우우수
899,나폴레옹과자점,"서울특별시 서초구 잠원로 51(1층 잠원동, 뉴코아백화점)",매우우수
900,족발참잘하는집,"대구광역시 달서구 진천로 114-20(1층 101호 대천동, 금오이빌라트)",매우우수
901,푸라닭전주아중점,"전라북도 전주시 덕진구 구총목로 30(인후동1가, 주1동)",우수
902,롯데시네마별내스위트샵,경기도 남양주시 별내중앙로 10(별내역 아이파크 스위트 판매및영화관 영화관매점 일부 별내동),매우우수
903,파리바게뜨(구로대림),"서울특별시 구로구 경인로59길 8(1층 109,110,111일부호 신도림동)",매우우수
904,교촌치킨서귀포남원점,제주특별자치도 서귀포시 남원읍 태위로 713,우수
905,롯데컬처웍스(주)엔제리너스롯데시네대구율하,대구광역시 동구 안심로 80(율하동),매우우수
906,신수서강대점 BHC,"서울특별시 마포구 독막로28길 7(101동 1층 106호 신수동, 성원아파트)",매우우수
907,푸라닭춘천석사점,강원도 춘천시 우석로67번길 17(석사동),매우우수
908,더크(durk),대구광역시 남구 안골길 42(1층 대명동),매우우수
909,스타벅스대구들안길DT점,"대구광역시 수성구 들안로 85(1층,2층 상동)",매우우수
910,60계치킨 신도림점,"서울특별시 구로구 경인로67길 23(1층 109-110호 신도림동, 신도림2차푸르지오)",매우우수
911,파파존스공릉점,서울특별시 노원구 화랑로 459(1층 공릉동),매우우수
912,동대구 롯데리아,대구광역시 동구 동대구로 550(신암동),우수
913,지에스25여의만남점,전라북도 전주시 덕진구 덕용2길 48-7(1층 일부호 동산동),매우우수
914,오늘은국수,충청남도 아산시 어의정로133번길 9(1층 용화동),매우우수
915,빠씨오네,경기도 파주시 시청로 172(1층 아동동),우수
916,이디야(서초우면중앙점),"서울특별시 서초구 양재대로2길 100-11(1층 103,104호 우면동, 서초 리슈빌S)",우수
917,이디야위미점,제주특별자치도 서귀포시 남원읍 태위로 88(1층),매우우수
918,푸라닭춘천퇴계점,강원도 춘천시 퇴계로145번길 7-13(퇴계동),좋음
919,스타벅스 대구반월삼성,대구광역시 중구 달구벌대로 2095(삼성생명 지상1층 덕산동),매우우수
920,카페인,대구광역시 동구 동대구로 550(동대구역 동대구역사 1층 신암동),매우우수
921,요거프레소(당진시청점),충청남도 당진시 남부로 288(수청동),매우우수
922,빅핸즈,대구광역시 수성구 알파시티1로 170(대흥동),매우우수
923,할리스커피(HOLLYS COFFEE),대구광역시 동구 동대구로 550(신암동),매우우수
924,멕시카나 아산둔포점,충청남도 아산시 둔포면 아산밸리중앙로 102(1층 105호),좋음
925,스테이크어스이마트천안점,충청남도 천안시 서북구 충무로 187(이마트천안점 1층 쌍용동),매우우수
926,60계구미옥계점,"경상북도 구미시 옥계북로 34(1층 106호 옥계동, 원광빌딩)",매우우수
927,금커피별빙수(당진점),충청남도 당진시 무수동4길 23-5(읍내동),매우우수
928,공차 동대구역사점,대구광역시 동구 동대구로 550(신암동),매우우수
929,도뜰정육식당,"충청남도 아산시 온천대로 1686-11(2층,3층 풍기동)",매우우수
930,태루,충청남도 천안시 서북구 충무로 187(이마트천안점 1층 쌍용동),매우우수
931,라화공방,경상북도 구미시 산동읍 신당1로2길 13(1동 1층 101호),매우우수
932,빽다방(당진기지시점),충청남도 당진시 송악읍 반촌로 70-17(KD타워 108호),매우우수
933,반궁,충청남도 천안시 서북구 충무로 187(이마트천안점 1층 쌍용동),매우우수
934,엘세븐홍대 다이닝 플로팅,서울특별시 마포구 양화로 141(롯데호텔 L7홍대 19층 일부 동교동),매우우수
935,도둑 로제 떡볶이,인천광역시 연수구 청명로31번길 13-17(1층 일부호 청학동),매우우수
936,죽이야기구평점,경상북도 구미시 인동36길 16(1층 진평동),매우우수
937,스타벅스대구각산역DT,대구광역시 동구 안심로 383(1~2층 신서동),매우우수
938,경복궁창동점(주)엔타스,서울특별시 도봉구 도봉로 610(창동),우수
939,60계치킨 양주점,경기도 양주시 고읍남로191번길 74(101호 광사동),매우우수
940,파리바게트(창동현대점),"서울특별시 도봉구 도봉로136길 7(창동, 한독패밀리타운)",매우우수
941,스타벅스 양주고읍DT,경기도 양주시 고덕로 351(1-2층 고읍동),매우우수
942,GS25 도봉소망점,서울특별시 도봉구 시루봉로27길 23(도봉동),매우우수
943,60계목포용해점,전라남도 목포시 연산백련로7번길 2-10(1층 연산동),좋음
944,60계치킨 덕정점,"경기도 양주시 독바위로 79-13(덕정동,외1필지 A동 205호)",매우우수
945,배스킨라빈스(영등포홈플러스점),"서울특별시 영등포구 당산로 42(문래동3가,지상2층)",매우우수
946,푸라닭(양주백석점),"경기도 양주시 백석읍 꿈나무로 300(세아청솔아파트상가, 101호, 108호)",매우우수
947,파리바게뜨 대전궁동,대전광역시 유성구 대학로151번길 39(지상1층 궁동),매우우수
948,떡볶이참잘하는집 떡참 여수여천점,전라남도 여수시 도원로 265(1층 학동),매우우수
949,차이(chai)797 신세계김해점,경상남도 김해시 김해대로 2232(신세계백화점 김해점 4층 외동),매우우수
950,파파존스피자잠실점,서울특별시 송파구 백제고분로 162(지상1층 잠실동),매우우수
951,성남산성역자이점,경기도 성남시 수정구 신흥동 1132,매우우수
952,이디야(용인성복느티나무)점,"경기도 용인시 수지구 성복1로 80(1층 105호 성복동, 성복역 서희스타힐스)",매우우수
953,덮다 영통역점,경기도 수원시 영통구 반달로35번길 30(영통역 아이파크 211호 영통동),매우우수
954,나폴레옹제과 갤러리아광교,경기도 수원시 영통구 광교중앙로 124(갤러리아 광교 지하1층 하동),매우우수
955,파리바게트 감일프라자점,경기도 하남시 신우실로 65(103호 감일동),매우우수
956,투썸플레이스대전중구청역점,"대전광역시 중구 선화서로 16(1,2층 선화동)",매우우수
957,"네네치킨(궁동,어은점)",대전광역시 유성구 농대로 8(지상1층 어은동),우수
958,네네치킨앤봉구스밥버거성환점,충청남도 천안시 서북구 성환읍 신선동길 20,우수
959,푸라닭전주에코시티점,전라북도 전주시 덕진구 세병2길 32-4(1동 1층 101호 송천동2가),매우우수
960,푸라닭 신흥태평4동점,경기도 성남시 수정구 수정로 210(1층 신흥동),매우우수
961,던킨 부천시청점,경기도 부천시 길주로 246(부천중동리슈빌엔클래스 104A호 중동),매우우수
962,투썸플레이스(성산공원점),"전라남도 여수시 성산로 42(1층,2층 화장동)",매우우수
963,교촌치킨인후점,전라북도 전주시 덕진구 견훤로 314(인후동1가),매우우수
964,60계 광주송정점,경기도 광주시 중앙로 184(삼보빌딩 1층 송정동),매우우수
965,60계,서울특별시 송파구 양산로 42(1층 거여동),매우우수
966,푸라닭 하남감일점,"경기도 하남시 신우실로 65(1~2층 105, 206~207호 감일동)",우수
967,불닭발땡초동대문엽기떡볶이인계점,"경기도 수원시 팔달구 권광로 184(112호 인계동, 캐슬타워)",우수
968,동경스시,경기도 수원시 영통구 광교중앙로 124(갤러리아 광교 지하1층 하동),매우우수
969,공차 신세계김해점,경상남도 김해시 김해대로 2232(3층 외동),매우우수
970,파리바게뜨청라SK점,"인천광역시 서구 솔빛로 93(청라 SK VIEW 근린생활시설동 1층 117호 경서동, 973-3 청라 SK VIEW 근린생활시설동 117호)",매우우수
971,이디야커피(용인죽전대지점),경기도 용인시 수지구 대지로 42(1층 102호 죽전동),매우우수
972,스타벅스안양일번가점,"경기도 안양시 만안구 안양로292번길 36(안양동,외 1필지   지상1,2층)",매우우수
973,60계치킨,"광주광역시 북구 양산로 36(양산동, 1층)",매우우수
974,투썸플레이스중촌점,대전광역시 중구 어덕마을로 91(1~3층 중촌동),매우우수
975,푸라닭치킨 모현점,전라북도 익산시 선화로6길 20(102호 모현동1가),매우우수
976,빽다방첨단2지구점,광주광역시 북구 첨단연신로107번길 15(1층 101호 신용동),매우우수
977,굽네치킨 유성온천점,"대전광역시 유성구 대학로 45(지상1층 104호 봉명동, 스카이뷰로드)",매우우수
978,더메이뷔페,전라북도 전주시 덕진구 기린대로 800(더메이호텔 1층 일부호 팔복동1가),매우우수
979,푸라닭두정점,충청남도 천안시 서북구 원두정7길 27(두정동),매우우수
980,파리바게뜨 광주오포매산점,경기도 광주시 오포읍 회안대로 19(1층),좋음
981,교촌치킨직산점,충청남도 천안시 서북구 직산읍 봉주로 50(2층),매우우수
982,브라더한정식도시락 갤러리아타임월드점,대전광역시 서구 대덕대로 211(갤러리아타임월드백화점 지하2층 일부호 둔산동),매우우수
983,60계치킨 올림픽공원역점,"서울특별시 송파구 양재대로 1222(2층 28호 방이동, 올림픽선수기자촌 아파트 상가)",매우우수
984,롯데컬처웍스(주)롯데시네마부천스위트샵,"경기도 부천시 길주로 280(중동,프리머스부천타워 801호일부)",매우우수
985,투썸플레이스전주송천점,"전라북도 전주시 덕진구 동부대로 1145(1동 송천동2가, 1층일부)",매우우수
986,씨제이프레시웨이(주) 성남시의료원 장례식장,경기도 성남시 수정구 수정로171번길 10(성남시의료원 지하2층 일부호 태평동),매우우수
987,본설렁탕 안양호계점,경기도 안양시 동안구 엘에스로 122(호계 데시앙플렉스 107호 호계동),우수
988,봉추찜닭,"경기도 수원시 팔달구 권광로 184(인계동,캐슬타워 134호)",매우우수
989,스타벅스 용인보정DT점,"경기도 용인시 기흥구 용구대로2469번길 165(보정동 Starbucks DT 주건축물제1동 1,2,3층 보정동)",매우우수
990,궁을 빚다 갤러리아 광교,경기도 수원시 영통구 광교중앙로 124(갤러리아 광교 지하1층 일부호 하동),매우우수
991,스타벅스 여수마리나점,"전라남도 여수시 웅천로 134(1층 105,106,107호 웅천동)",매우우수
992,이디야 인천청라파크자이점,인천광역시 서구 솔빛로 20(도영프라자 1층 일부 청라동),매우우수
993,스타벅스 김해율하신도시점,"경상남도 김해시 율하3로 32(1,2층 율하동)",매우우수
994,파스쿠찌전대점,"광주광역시 북구 호동로 15(용봉동, 1~4층)",매우우수
995,주식회사투썸플레이스천안불당점,충청남도 천안시 서북구 불당4로 111(불당 오딧세이 101~104.106~109호 불당동),매우우수
996,써브웨이대전태평점,"대전광역시 중구 태평로 71(1층 141호 태평동, 뉴삼부프라자)",매우우수
997,투썸플레이스천안차암점,"충청남도 천안시 서북구 밤개울1길 1-1(1,2층 차암동)",매우우수
998,메이카페,전라북도 전주시 덕진구 기린대로 800(더메이호텔 1층 일부호 팔복동1가),매우우수
